:020000040800F2
:1080000000000B2089350108A9310108B1310108B0
:10801000FD31010849320108513201080000000019
:10802000000000000000000000000000E11F010847
:1080300059320108000000003122010849160108E8
:10804000D9350108D9350108D9350108D9350108D4
:10805000D9350108D9350108D9350108D9350108C4
:10806000D9350108D9350108D9350108D9350108B4
:1080700069320108D9350108D93501087D32010876
:10808000D9350108D9350108D9350108D935010894
:10809000D9350108D9350108D935010891320108CF
:1080A000D9350108D9350108D9350108D935010874
:1080B000D9350108D9350108D9350108D935010864
:1080C000D9350108D9350108D9350108D935010854
:1080D000D9350108B5320108D9350108D93501086B
:1080E000D9350108D9350108D9350108D935010834
:1080F000D9350108D9350108D9350108D935010824
:10810000D9350108D9350108D9350108D935010813
:10811000A1320108D9350108C9320108D935010851
:10812000D9350108D9350108D9350108D9350108F3
:10813000D9350108D9350108D9350108D9350108E3
:10814000D9350108D9350108D9350108D9350108D3
:10815000D9350108D9350108D9350108D9350108C3
:10816000D9350108D9350108D9350108D9350108B3
:10817000D9350108D9350108D935010800000000BA
:10818000D9350108D9350108DD320108D935010892
:10819000D9350108D9350108D9350108D935010883
:0C81A000D9350108D9350108D93501088E
:1081C0000348044B834202D0034B03B11847704766
:1081D000A4000020A4000020000000000548064B79
:1081E0001B1AD90F01EBA301491002D0034B03B1B5
:1081F00018477047A4000020A400002000000000E1
:1082000010B5064C237843B9FFF7DAFF044B13B1DE
:108210000448AFF300800123237010BDA4000020A8
:1082200000000000CC4F010808B5044B1BB1044905
:108230000448AFF30080BDE80840CFE7000000002D
:10824000A8000020CC4F010853B94AB9002908BF43
:1082500000281CBF4FF0FF314FF0FF3000F06AB92B
:10826000ADF1080C6DE904CE00F006F8DDF804E08D
:10827000DDE9022304B070472DE9F047089D0E4662
:1082800004460F46002B4AD194468C45B2FA82F23E
:1082900060D942B1C2F12003974020FA03F30CFAEF
:1082A00002FC1F4394404FEA1C4E1FFA8CF6B7FBAA
:1082B000FEF1230C0EFB117743EA074301FB06F0A6
:1082C00098420AD91CEB030301F1FF3780F01581B6
:1082D000984240F21281023963441B1AA4B2B3FBE4
:1082E000FEF00EFB103344EA034400FB06F6A64200
:1082F0000AD91CEB040400F1FF3380F00081A64290
:1083000040F2FD806444023840EA0140A41B002191
:108310001DB1D4400023C5E90043BDE8F0878B427E
:1083200005D90DB1C5E9000100210846F5E7B3FA0A
:1083300083F1002946D1B34202D3824200F2F58094
:10834000841A66EB030201201746002DE5D0C5E92B
:108350000047E2E7002A40F09380A1EB0C034FEACC
:108360001C471FFA8CFE0121B3FBF7F607FB163002
:10837000230C43EA00430EFB06F0984208D91CEB9D
:10838000030306F1FF3802D2984200F2D08046463D
:108390001B1AA4B2B3FBF7F007FB103344EA034403
:1083A0000EFB00FEA64508D91CEB040400F1FF33C8
:1083B00002D2A64500F2B6801846A4EB0E0440EAAD
:1083C0000640A5E7C1F120078B4022FA07FC4CEAE2
:1083D000030C06FA01FE20FA07F426FA07F344EA32
:1083E0000E0400FA01F84FEA1C404FEA1449B3FBAF
:1083F000F0FE1FFA8CF600FB1E3349EA03430EFB26
:1084000006F9994502FA01F20BD91CEB03030EF1B0
:10841000FF3A80F08580994540F28280AEF1020EED
:108420006344A3EB0909A4B2B9FBF0F300FB139971
:1084300044EA094403FB06F6A64208D91CEB0404EF
:1084400003F1FF3068D2A64266D9023B644443EA96
:108450000E40A41BA0FB02E6B4427346B14652D3C1
:108460004FD05DB1B8EB030264EB090404FA07F7DF
:1084700022FA01F31F43CC40C5E9007400214CE708
:10848000C2F1200120FA01F30CFA02FC26FA01F1F4
:10849000964033434FEA1C471FFA8CFEB1FBF7F0BE
:1084A00007FB1016190C41EA064100FB0EF68E423E
:1084B00004FA02F408D91CEB010100F1FF382DD2B7
:1084C0008E422BD902386144891B9BB2B1FBF7F66F
:1084D00007FB161143EA014306FB0EF1994208D946
:1084E0001CEB030306F1FF3814D2994212D9023E65
:1084F00063445B1A46EA004136E73946EDE6184622
:1085000002E7F045ADD2BEEB020366EB0C06013884
:10851000B146A6E74646ECE7034698E74046D3E770
:10852000D6467EE76444023847E708460DE7023E38
:1085300063442DE7704700BF01292DE9F0415BD965
:108540004FF00108C64600244FF0FF35434608E0CF
:10855000A3EB05081C464FF0010E04EB0E039942F5
:1085600010D900EB050CC75C1CF80E60B742EFD3C6
:1085700032D04FF001082546C646444404EB0E03B2
:108580009942EED80127C2F80080BE4600244FF081
:10859000FF363B4607E09F1B1C464FF0010E04EBE5
:1085A0000E03994210D900EB060C10F803801CF85A
:1085B0000EC0E045EFD817D001272646BE463C4402
:1085C00004EB0E039942EED80136681C864201D3B3
:1085D00017603046BDE8F081C6450ABF74440EF10D
:1085E000010E4FF0010EB8E7BE450ABF74440EF10C
:1085F000010E4FF0010ED2E701270026E8E700BF89
:108600002DE9F04F174687B005AA804689463846BF
:1086100019461C46FFF790FF059B029382460246CF
:10862000F918384601F010FF00285FD144F40063C8
:108630000193029BE31A06460546A9EB0401039346
:10864000CAF1010BA9421BD35645334638BF5346E6
:108650009C4223D9581EEA183844424402E00133B0
:108660009C421BD012F801CB10F801EFE645F6D082
:108670009C4213D95D441D44A9424FF00006E3D249
:10868000019908EB090001F00DFF8144A9EB0401F9
:10869000A942D9D2002007B0BDE8F08F56450AF1B3
:1086A000FF336FD205EB0A02424407EB0A00009544
:1086B00002E09E4211D0734610F801CD12F8015D20
:1086C000AC4503F1FF3EF4D0009D013301369E42DC
:1086D00007D8029B039E1D44B4E701369E42009DCD
:1086E000F7D908EB050007B0BDE8F08FA4EB0A034B
:1086F000534538BF534601330193059344F4006357
:108700000025A9EB040100930AF1FF36CAF1010B21
:10871000A94216D3544520D905EB0A024244B819A0
:10872000534602E001339C4217D012F801CB10F8F7
:1087300001EFE645F6D09C420FD95D441D44A942A5
:10874000E8D2009908EB090001F0ACFE8144A9EBE6
:108750000401A9429ED35445DED8BAF1000FC0D01F
:1087600005EB0A00404407EB0A0201E0BB42B8D027
:1087700012F801ED10F801CDE6451346F6D0019B45
:108780001D44C5E75346A1E72DE9F04F9346ADF2EE
:108790001C4D05AA80468A46584619461C46FFF7D6
:1087A000CBFE134681460DF2144243F8044F934228
:1087B000FBD16CB1601E58440BF1FF3206AD12F8CC
:1087C000011FA31A013B5B44824245F82130F6D1D8
:1087D000059B01934A460BEB0301584601F034FE1A
:1087E000002878D144F4006307460546AAEB040E3E
:1087F0000293661EAE4511D308EB050C06AA1CF8C1
:10880000063052F82330C3B11FB1019A9A4288BF93
:10881000A31A1D44AE454FF00007EDD208EB0A0045
:10882000029901F03FFE8244AAEB040EAE45E3D26A
:1088300000200DF21C4DBDE8F08F4F453B4638BF80
:108840004B469E4218D9591EEA1859444244009595
:1088500002E001339E420ED012F8010B11F8015FC5
:108860008542F6D09E42009D06D9C9F101022A44F4
:10887000D5180027BEE7009D4F4509F1FF3380F072
:10888000818005EB090242440BEB09010095CDF80C
:108890000C9002E09F4213D04B4611F8015D12F894
:1088A000010D854203F1FF39F4D0009DDDF80C90F5
:1088B000013301379F4209D8019B1D44E71A99E70C
:1088C00001379F42009DDDF80C90F5D960460DF20E
:1088D0001C4DBDE8F08FA4EB09034B4538BF4B4658
:1088E00001330193059344F400630025AAEB040EC1
:1088F0000093661EAE4509D308EB050006AA835D0A
:1089000052F823306BB11D44AE45F5D208EB0A0096
:10891000009901F0C7FD8244AAEB040EAE45EBD2EC
:1089200086E7B14517D209F1FF3105EB0902594439
:1089300042444B4602E00133B3420CD012F8017BB3
:1089400011F801CFBC45F6D09E4204D9C9F101020D
:108950002A44D518CEE7B9F1000F3FF46AAF05EB12
:10896000090141440BEB090202E05B453FF461AFB2
:1089700012F801CD11F8017DBC451346F5D0019BDD
:108980001D44C1E74B4694E72DE9F0410D460978B7
:1089900090B00446002954D06A78002A00F0828002
:1089A000AB78002B51D0E8782E68002800F0818049
:1089B0002B79002B56D0284600F022FD064640F4C5
:1089C0000071204601F06EFD86425AD8FE2E00F25C
:1089D0008880801B27184022711C684600F07CFDAF
:1089E0007EB16A1E5FFA86FC901912F8013F03F00F
:1089F0003F0340336B44A91A6144904203F8401C82
:108A0000F3D1013CA35D03F03F0340336B4413F803
:108A1000403C1C44A74203D238E04444A74235D32B
:108A200014F806C00CF03F0C0CF140030DEB030CE6
:108A30003246294620461CF8408C01F005FD0028EE
:108A4000EBD1204610B0BDE8F081007842EA014247
:108A5000B8B140EA03439A42214614F8010FF7D116
:108A60004C1EEEE7227862B131BA01E08B421ED093
:108A700042EA0323204614F8012F002AF6D18B4244
:108A800015D00024204610B0BDE8F081BB5DB819B8
:108A9000002BF6D04FF4006101F004FD0744A7421B
:108AA000AFD2EEE710B0BDE8F04100F023B8C41E2D
:108AB000C7E7120442EA0162217842EA032300294F
:108AC000DFD0024601E00029DBD041EA0200B3EB2F
:108AD000002F25464FEA002214F8011FF3D1AC1EE7
:108AE000AFE7014633462A46204610B0BDE8F041C4
:108AF0004AE600BF11F0FF01034600F0030239D03F
:108B00008ABB026810B501EB012E0EEB0E4E8EEA09
:108B10000204A2F1013323EA0203A4F1013222EAA2
:108B20000402134313F0803F0FD150F8044F84EA3E
:108B30000E0CA4F10133ACF1013223EA040322EA62
:108B40000C02134313F0803FEFD0037823B936E0D3
:108B500010F8013F002B32D09942F9D110BD8A4262
:108B600028D09A0729D01A7818460133002AF6D15E
:108B700010467047CAB90268A2F1013323EA020322
:108B800013F0803F08D150F8042FA2F1013323EAFB
:108B9000020313F0803FF6D003785BB110F8013F79
:108BA000002BFBD17047990705D0184613F8012B0D
:108BB000002AF8D170471846DDE71846A1E71846A5
:108BC00010BD00BF10B51C4C002924689AB02DDBE5
:108BD000009004904FF40270ADF80C004FF00000CC
:108BE000199013D001394FF6FF7002910591ADF83D
:108BF0000E006946204600F03FF9421C01DA8B2343
:108C00002360009B00221A701AB010BD4FF6FF704F
:108C100002910591ADF80E006946204600F02CF94E
:108C2000431C01DA8B2323601AB010BD8B23236011
:108C30004FF0FF30F8E700BF0000002030B51446C9
:108C4000002C9BB005462EDB1A464FF40273ADF89C
:108C50000C304FF0000300910491199313D04FF69C
:108C6000FF73013CADF80E3069461E9B02940594DB
:108C700000F002F9421C01DA8B232B60009B0022DA
:108C80001A701BB030BD4FF6FF73ADF80E30694659
:108C90001E9B0294059400F0EFF8431C01DA8B232D
:108CA0002B601BB030BD8B2303604FF0FF30F8E723
:108CB0002DE9F0478F681D46AF420B680C461646FB
:108CC00036D8B1F90CC01CF4906F0ED13D46184651
:108CD00031462A4600F02EFEA368DF1B2368A760FA
:108CE0002B4400202360BDE8F0874A69096902EB44
:108CF00042025F1A02EBD2726B1C52103B44934249
:108D000092BF914699461A461CF4806F804611D056
:108D1000114600F031FD824600B321693A4600F069
:108D200061FFA38923F4906343F08003A38105E0EE
:108D30002F46CCE701F024F8824658B10AEB07032E
:108D4000A9EB0707A760C4F810A0C4F8149023602B
:108D50002F46BCE72169404600F08EFDA3890C2216
:108D600043F04003C8F800204FF0FF30A381BAE77A
:108D70002DE9F04F9368176883B09246002B74D0AA
:108D80004FF0000B8B680A6881460C465D4645E053
:108D9000B4F90C3013F4906F2CD0D4E90401161AF6
:108DA00001EB410202EBD272711C52102944914234
:108DB00092BF904688460A465B0539D5114648461B
:108DC00000F0DAFC019000283DD03246216900F025
:108DD00009FFA289019B22F4906242F08002A281E5
:108DE0009819A8EB0606A660C4F8148023612060D9
:108DF000A8462E463246594600F09CFDDAF8081087
:108E0000A3682268A3EB08033244491BA3602260D5
:108E1000CAF8081049B3D7E900B508379846104694
:108E2000002DF8D09D421E46B2D2A8462E46E1E75C
:108E30000146484600F0A4FF03460028D0D121692E
:108E4000484600F019FDA3890C2243F04003C9F8FD
:108E500000204FF0FF30A38100220023CAF8082031
:108E6000CAF8043003B0BDE8F08F00200023CAF830
:108E7000043003B0BDE8F08F2DE9F04F1C468B891C
:108E80001D069DB088468146934603D50B69002B8D
:108E900000F0F1800023099343F22003ADF829305C
:108EA0009BF800307D4D03940126002B73D0DA46E9
:108EB00003E01AF8013F002B75D0252BF9D1BAEB4E
:108EC0000B0473D19AF80020002A64D000234FF0DD
:108ED000FF32CDE905230AF1010A049307938DF8C7
:108EE00053301A9305E0049A06FA03F31A430492E6
:108EF000A2465446052214F8011B284600F0C0FD86
:108F0000A346431B0028EED1049BD80644BF202271
:108F10008DF8532019079AF8001044BF2B228DF8C2
:108F200053202A2950D1039A116804320029039250
:108F30007CDB07919AF801102E295BD0584C032254
:108F4000204600F09DFD38B1049B001B402282406A
:108F500013430BF1010B04931BF8011B51488DF8CF
:108F60002810062200F08CFD002865D04E4B002B07
:108F700055D003AA00924D4B424604A94846AFF390
:108F8000008007467A1C06D0099B3B4409939BF856
:108F90000030002B8BD1B8F80C305B067AD40998DE
:108FA0001DB0BDE8F08FBAEB0B04F4D023465A464F
:108FB00041464846FFF77CFE0130ECD0099B9AF809
:108FC0000020234409937FE7A1F13002092A88BFDA
:108FD000D346B1D8079B00E00134217803EB83032B
:108FE00002EB4303A1F13002092AF5D92E29079398
:108FF000A346A3D19BF801102A2927D1039B9BF8F4
:1090000002101A6805920433002A0BF10200039340
:10901000B8BF4FF0FF338346B8BF05938EE7039B7D
:10902000073323F0070308330393ADE7494243F0C6
:109030000203079104937DE703AA00921B4B42466B
:1090400004A9484600F060FF07469BE7A1F1300203
:109050000023092A05930BF1010B3FF66FAF1BF8B4
:10906000011F03EB830302EB4303A1F13002092A42
:10907000F5D9059362E7402100F07EFBC8F80000B7
:10908000C8F8100018B14023C8F8143002E70C23C8
:10909000C9F800304FF0FF3082E700BF8C60010854
:1090A000946001089860010800000000B18C00087D
:1090B00070B50F4B0F4DAB42A3EB050607D0B610B2
:1090C000002455F8043B01349847A642F9D80BF028
:1090D0007DFF094D094B5E1BAB424FEAA60606D049
:1090E000002455F8043B01349847A642F9D870BDD6
:1090F000D0600108D0600108D0600108D460010888
:10910000036A2DE9F041846880460E46002B3BD06F
:10911000A3891B0717D52369ABB1013EA36816F8D5
:10912000015F013BA360EDB1002B07DAA7699F4205
:1091300022462946404610DC0A2D0ED023685A1CD0
:1091400022601D70EAE72146404600F0E9FC002855
:10915000E3D04FF0FF30BDE8F08101F0C7F90130F6
:10916000DCD1F6E7002B09DA22460A21404601F05D
:10917000BDF90130EDD00A20BDE8F08123680A2254
:10918000591C21601A70F6E700F0F4F8C0E700BF40
:10919000024B01461868FFF7B3BF00BF0000002074
:1091A00000207047024A0349034800F043BC00BF57
:1091B00050000020A1960008040000200C4B4168DC
:1091C000994210B5044601D000F06AFAA168094B33
:1091D000994202D0204600F063FAE168064B9942BA
:1091E00004D02046BDE8104000F05ABA10BD00BFC0
:1091F000C0000020280100209001002000207047BE
:109200002DE9F8432A4C2B49DFF8BC90DFF8BC80ED
:10921000294FC4F83811002504230822294604F1F7
:109220005C00264EE360C4E90055C4E90455A5601E
:109230006566A56100F050F9214B63670822294655
:1092400004F1C400C4E90849C4E90A87C4E91A550D
:10925000C4E91E552567C4F8CC50C4F88050266375
:1092600000F03AF9174BC4F8DC30294604F16803E2
:10927000082204F59670C4F88830C4E92398C4E93C
:109280002576C4E93455C4E93855C4F8D850C4F833
:109290003451C4F8E85000F01FF904F1D003C4E9D8
:1092A0003D98C4E93F76C4F8F030BDE8F88300BFCC
:1092B000C0000020A591000819A600083DA60008DE
:1092C0000900010012000200B1A50008D9A500089C
:1092D000F8B5254BD3F838310646002B3CD0234F48
:1092E000D7E90134013B04D51DE05A1C04F16804A0
:1092F00019D0B4F90C50013B002DF6D11C4BE360A2
:10930000C4E90155C4E9045565662560A5610822D4
:10931000294604F15C0000F0DFF8C4E90D55C4E90A
:1093200012552046F8BD3D680DB12F46D8E74FF4E1
:10933000D671304600F020FA044680B10423C0E91B
:1093400000530C302946A0604FF4D072254600F03F
:10935000C3F83C602F46C3E7FFF752FFBFE70C237B
:1093600038603360DDE700BFC000002050000020FF
:109370000100FFFF036A03B17047044B044AD3F8AE
:1093800038310262002BF7D13AE700BFC00000205D
:10939000BD910008704700BF704700BF024A0349F3
:1093A000002000F047BB00BF50000020A191000842
:1093B000024A0349002000F03DBB00BF50000020DE
:1093C000FD91000800000000000000000000000007
:1093D000000000000000000000000000000000008D
:1093E000000000000000000000000000000000007D
:1093F000000000000000000000000000000000006D
:1094000030B490F800F020F007016FF0000C10F07D
:10941000070491F820F040F048804FF000046FF00E
:109420000700D1E9002391F840F000F1080082FA2A
:109430004CF2A4FA8CF283FA4CF3A2FA8CF34BBBF5
:10944000D1E9022382FA4CF200F10800A4FA8CF26E
:1094500083FA4CF3A2FA8CF3E3B9D1E9042382FA3C
:109460004CF200F10800A4FA8CF283FA4CF3A2FA51
:109470008CF37BB9D1E9062301F1200182FA4CF289
:1094800000F10800A4FA8CF283FA4CF3A2FA8CF3F0
:10949000002BC6D0002A04BF04301A4612BAB2FA12
:1094A00082F200EBD20030BC7047D1E9002304F017
:1094B0000305C4F100004FEAC50514F0040F91F84C
:1094C00040F00CFA05F562EA05021CBF63EA0503E9
:1094D00062464FF00004AAE7830730B547D0541E18
:1094E000002A3ED0CAB2034601E0013C39D303F85A
:1094F000012B9D07F9D1032C2CD9CDB205EB052505
:109500000F2C05EB054535D9A4F1100222F00F0C04
:1095100003F1100EE6444FEA121C1A46C2E9005548
:10952000C2E9025510327245F8D10CF1010214F073
:109530000C0F03EB021204F00F0C13D0ACF1040378
:1095400023F003030433134442F8045B9342FBD13A
:109550000CF003042CB1C9B21C4403F8011BA34254
:10956000FBD130BD64461346002CF4D1F9E7034625
:109570001446C0E71A46A446E0E700BFB1F90C3034
:109580002DE9F0411E070C4680463DD44A68002A6A
:1095900056DDE56A002D34D00022D8F80060C8F806
:1095A000002013F48052216A57D101234046A84776
:1095B000451C024666D0B4F90C30E56A216A5807AA
:1095C00005D56368D21A636B0BB1236CD21A0023E2
:1095D0004046A847431C42D00023636023692360B0
:1095E000A389DF0400D56065616BC8F8006041B1F4
:1095F00004F14403994202D0404600F03DF90023B3
:1096000063630020BDE8F0810E69002EF9D09B074E
:109610000D6808BF4B690E6018BF0023AD1B8B603F
:109620000BE02B463246216AA76A4046B847B0F1A4
:10963000000CA5EB0C05664406DD002DF1DCE0E72F
:109640000A6C002AA5DCDCE7B4F90C3043F04003D7
:10965000A3814FF0FF30BDE8F081626DAFE7D8F82D
:109660000010B4F90C301D29F0D80C4ACA40D507B7
:10967000ECD52269226000226260DA04B4D50029A8
:10968000B1D0B1E7D8F80030002B94D01D2B01D019
:10969000162BD9D1C8F80060B3E700BF0100402005
:1096A0000B69B3B110B5044682B008B1036A5BB16F
:1096B000B1F90C3013B9002002B010BD204602B041
:1096C000BDE81040FFF75ABF0191FFF753FE019923
:1096D000EEE70020704700BFB8B138B50D4A036906
:1096E000156804462BB10DB12B6A53B1B4F90C3097
:1096F0000BB9002038BD21462846BDE83840FFF7A9
:109700003DBF2846FFF736FEF0E7034A0349044809
:1097100000F090B90000002050000020A196000841
:1097200004000020014B1868704700BF00000020B3
:1097300070B5104E336805460C46B3B12146284635
:1097400000F024FF431C0CD0C41C24F00304A042EE
:1097500005D0211A284600F019FF013001D020461B
:1097600070BD4FF0FF34204670BD194600F00EFF6B
:109770003060E3E7FC0100202DE9F843CD1C25F023
:10978000030508350C2D38BF0C25002D064618DBC7
:10979000A94216D8DFF8DC8000F0F8FCD8F80420E5
:1097A000A2B1144603E0636822467BB11C462368DD
:1097B0005B1BF8D40B2B1FD89442636854D05360C2
:1097C0000CE00C2333600020BDE8F88329463046C6
:1097D000FFF7AEFF431C044619D00560304600F089
:1097E000D7FC04F10B00231D20F00700C21A1CBF98
:1097F0001B1AA350BDE8F88361199442256014BF79
:109800005160C8F80410635163684B60E6E7D8F80C
:1098100004701FB33C467F68002FFBD12368394694
:10982000304604EB030900F0B1FE814516D12368F0
:10983000ED1A29463046FFF77BFF01300ED0236832
:10984000D8F804202B442360536883B1A34203D08B
:109850001A465B689C42FBD10023B0E70C233360BF
:10986000304600F095FCAEE7C8F80430B6E7C8F81B
:109870000470B3E7FC010020002950D038B551F83E
:10988000043C0C1F002BB8BFE418054600F07EFC1A
:10989000274A13682BB1A3420CD921686018834270
:1098A0002CD0636028461460BDE8384000F070BCDE
:1098B000A3420FD81A465B68002BF9D111685018E3
:1098C000844217D02CD3636054602846BDE83840EA
:1098D00000F05EBC11685018A04214D020D8216856
:1098E00060188342EFD118685B680844C4E900033C
:1098F0005460EAE723680B441360E6E718685B6886
:1099000008442060CDE7206801445018834211606C
:10991000DBD1D3E900040144C2E90014D5E7704764
:109920000C232B602846BDE8384000F031BC00BF56
:109930000002002088420ED98B1883420BD900EB1D
:10994000020C002A6ED0624613F801CD02F801CD58
:109950009942F9D170470F2A0FD8034602F1FF3C14
:10996000002A5FD00CF1010C013B8C4411F8012B53
:1099700003F8012F6145F9D1704740EA01039B07C5
:1099800051D1A2F1100370B501F1200C23F00F05A5
:1099900001F1100E00F11004AC441B095EF8105CDC
:1099A00044F8105C5EF80C5C44F80C5C5EF8085CF3
:1099B00044F8085C5EF8045C44F8045C0EF1100E98
:1099C000E64504F11004E9D1013312F00C0F01EB6C
:1099D000031102F00F0400EB031328D0043C24F021
:1099E00003064FEA940C1E441C1F8E465EF8045B6F
:1099F00044F8045FB442F9D10CF1010402F003020F
:109A000003EB840301EB840102F1FF3C4AB10CF14A
:109A1000010C013B8C4411F8012B03F8012F614527
:109A2000F9D170BD704702F1FF3C03469AE7224628
:109A3000EAE700BF2DE9F8430746884616464FF08F
:109A40000009D6E90154013D10D4A389012B08D99E
:109A5000B4F90E3001332146384602D0C04749EAF6
:109A60000009013D6B1C04F16804EED13668002E3C
:109A7000E7D14846BDE8F883000000000000000080
:109A800001F0FF01102A2BDB10F0070F08D010F8AF
:109A9000013B013A8B422DD010F0070F42B3F6D1B3
:109AA000F0B441EA012141EA014122F007047FF0CC
:109AB00000070023F0E80256083C85EA010586EA23
:109AC000010685FA47F5A3FA87F586FA47F6A5FA5F
:109AD00087F68EB9EED1F0BC01F0FF0102F007026B
:109AE00032B110F8013B013A83EA010313B1F8D116
:109AF0000020704701387047002D06BF35460338F7
:109B0000073815F0010F07D1013015F4807F02BF2F
:109B1000013015F4C03F0130F0BC0138704700BF80
:109B200038B52F4B1B6805460C4613B11A6A002A3C
:109B30004BD0B4F90C3018071CD5226922B313F0AE
:109B4000010107D0616900204942A060A1613AB1DA
:109B5000002038BD980758BF6169A160002AF7D17D
:109B6000190658BF1046F4D543F04003A3814FF0C7
:109B7000FF3038BDD9062CD55A0712D4226943F0DC
:109B80000803A381002ADAD103F42071B1F5007F24
:109B9000D5D02146284600F043FBB4F90C302269A9
:109BA000CDE7616B51B104F14402914204D02846E3
:109BB000FFF762FEB4F90C300022626322690021D3
:109BC000C4E9002123F02403D9E71846FFF7D2FBAC
:109BD000AFE7092243F040032A60A381C7E700BF33
:109BE00000000020844641EA000313F003036DD116
:109BF000403A41D351F8043B40F8043B51F8043B50
:109C000040F8043B51F8043B40F8043B51F8043B56
:109C100040F8043B51F8043B40F8043B51F8043B46
:109C200040F8043B51F8043B40F8043B51F8043B36
:109C300040F8043B51F8043B40F8043B51F8043B26
:109C400040F8043B51F8043B40F8043B51F8043B16
:109C500040F8043B51F8043B40F8043B51F8043B06
:109C600040F8043B51F8043B40F8043B51F8043BF6
:109C700040F8043B403ABDD2303211D351F8043B96
:109C800040F8043B51F8043B40F8043B51F8043BD6
:109C900040F8043B51F8043B40F8043B103AEDD245
:109CA0000C3205D351F8043B40F8043B043AF9D296
:109CB000043208D0D2071CBF11F8013B00F8013B69
:109CC00001D30B8803806046704700BF082A13D376
:109CD0008B078DD010F003038AD0C3F10403D21A8E
:109CE000DB071CBF11F8013B00F8013B80D331F8C2
:109CF000023B20F8023B7BE7043AD9D3013A11F842
:109D0000013B00F8013BF9D20B7803704B784370AC
:109D10008B7883706046704740EA01039B0710B55B
:109D200001D1032A17D8844601F1FF3E07E01EF84F
:109D3000011F03F8011B541E29B19C4622466346AD
:109D4000002AF4D110BD9444002CFBD003F8011B71
:109D50006345FBD110BD8E468446DEF80040A4F179
:109D6000013323EA040313F0803F71460EF1040E21
:109D7000DAD1043A032A4CF8044BEED87146D3E703
:109D80002DE9F041144641B30AB306460D4600F0F2
:109D900059FC8442074602D8B4EB500F13D8214631
:109DA0003046FFF7E9FC804650B1BC4222462946C6
:109DB00028BF3A46FFF716FF29463046FFF75CFDFD
:109DC0004046BDE8F081A8464046BDE8F081A04687
:109DD000FFF752FD4046BDE8F081BDE8F041114675
:109DE000FFF7CABC2DE9F84F92461F460A698B68F7
:109DF000DDF828909A42B8BF1A46CAF8002091F8B8
:109E000043300C46064613B10132CAF800202268DE
:109E100091065FD5DAF800300233CAF800302268C4
:109E200012F0060F11461DD1E1689942D8BF1146C4
:109E300018DD4FF0000804F1190B05E0E568DAF8C9
:109E40000030ED1A45450CDD01235A4639463046AF
:109E5000C847013008F10108F0D14FF0FF30BDE8EC
:109E6000F88F216894F84330003B18BF01238A061D
:109E70000AD5E1185A1C302081F84300224494F896
:109E8000451082F84310023304F14302394630464C
:109E9000C8470130E1D02368DAF80050216903F0A7
:109EA0000603042BD4E902201BD08A4220DD4FF0A8
:109EB0000008521A90441A34002501E0454517DA8B
:109EC0000123224639463046C847013005F10105D5
:109ED000F4D1C2E712F0060F0DD0003B18BF0123EA
:109EE000D2E7401B8A4220EAE078E2DC0028E2DC8C
:109EF0000020BDE8F88FE168DAF800309942D8BF59
:109F0000114696DCAEE700BF2DE9F047174684B056
:109F10000A7E0C9D0C460646984601F1430C002A29
:109F200035D0A2F15803D9B2202969D8202B67D89F
:109F3000DFE813F0E6006600660066006600660073
:109F400066006600660066006600AC007000660091
:109F500066006600660070006600660066006600C7
:109F600021008300C60066006600B600660083001C
:109F700066006600EC002B6822686169181D286085
:109F800010061B6802D4520600F1E080196000231D
:109F9000E1462361CDF800803B4603AA21463046C6
:109FA000FFF720FF013020D023694A46394630466A
:109FB000C047013019D02368E068DDF80C909B079A
:109FC00018D5484516DD002504F1190A04E0E068BB
:109FD000A0EB0903AB420DDD012352463946304662
:109FE000C047013005F10105F1D14FF0FF3004B059
:109FF000BDE8F0874845B8BF484604B0BDE8F087E3
:10A0000084F84220012004F142090023206184F8F1
:10A010004330BFE72A682368111D1806296002D45F
:10A02000590600F195801068014600286268C0F268
:10A03000938054484FF00A0E15E020682B6810F00A
:10A04000800F53F8041B02D1400648BF89B26F2A23
:10A050004C482B6014BF4FF00A0E4FF0080E00233F
:10A06000626884F84330002AA26051DB236823F041
:10A070000403236000294BD1002A7BD1E146BEF1C5
:10A08000080F56D0ACEB0903236183E72B681A68ED
:10A0900004332B6004F1420984F842200120B4E724
:10A0A0002B686268191D2960D3F80090002148468A
:10A0B000FFF7E6FC002863D0A0EB09006060A4E78E
:10A0C000236843F02003236078222F4884F845203A
:10A0D0002A6813F0800F52F8041B03D113F0400FCD
:10A0E00018BF89B22A60DA0744BF43F02003236017
:10A0F00019B9236823F0200323604FF0100EAEE758
:10A10000582384F845301F482368E1E72368DBE7DC
:10A110007546E146B1FBF5F305FB131A0A46AA4260
:10A1200010F80A1009F8011D1946F3D2BEF1080F04
:10A13000A8D12368DD07A5D5626823699A42A1DC0E
:10A14000302309F8013C09F1FF399BE719801EE72C
:10A15000B2F90010084668E72D20002AA26084F8B2
:10A16000430002DB23F0040323600A25054849422B
:10A17000AE46CEE7037884F8423004F142097EE728
:10A18000606842E7A0600108B4600108704700BF42
:10A19000704700BF002A3ED030B5844604460843CD
:10A1A00080070B462ED1032A07D82BE0043A25D08E
:10A1B0001EF0803F22D1032A22D92068194653F885
:10A1C000045BA0F1013EA842A4462EEA000E04F171
:10A1D0000404EBD09CF800000C7884421DD1E646C4
:10A1E00068B11EF8010F11F8014FA2EB0E03A04257
:10A1F00003F1FF3311D11CEB0303F1D1002030BD7B
:10A20000A44619469CF800000C78A04205D1012A0A
:10A21000F4D0E646E4E710467047001B30BD00BFAF
:10A2200070B5B1F90C300C46990796B007D504F11A
:10A2300047030122C4E90432236016B070BDB4F9AB
:10A240000E100029054629DB6A4600F02BFA00288B
:10A2500022DB4FF480612846019EFFF78DFA88B318
:10A26000A389206043F0800306F47046A381B6F50D
:10A27000005F4FF48063C4E90403DED1B4F90E102B
:10A28000284600F021F90028D7D0A38923F0030342
:10A2900043F00103A381D0E7B4F90C3013F0800F31
:10A2A00014BF40264FF4806631462846FFF764FA13
:10A2B00040B1A389206043F08003C4E90406A38170
:10A2C00016B070BDB4F90C309A05B6D423F0030370
:10A2D00004F1470243F002030121C4E90421A381F0
:10A2E0002260AAE770B50C46B1F90E10002996B0AD
:10A2F00015461E460FDB6A4600F0D4F900280ADB3B
:10A30000019B03F47043A3F50053B3FA83F34FF4B6
:10A3100080625B0908E0A28912F0800F4FF0000311
:10A3200014BF40224FF48062002033602A6016B0D0
:10A3300070BD00BF08B410B5002A9DB0044636DBDE
:10A340004FF40273ADF814304FF000031B930291E9
:10A35000069120AB17D0013A4FF6FF710492079295
:10A36000ADF816101F9A019302A9FEF785FD421C55
:10A3700001DA8B232360029B00221A701DB0BDE816
:10A38000104001B070474FF6FF7104920792ADF88C
:10A3900016101F9A019302A9FEF76EFD431C01DA05
:10A3A0008B2323601DB0BDE8104001B070478B23A4
:10A3B00003604FF0FF30F5E70CB410B5214B0029D6
:10A3C0001C689CB038DB4FF000034FF402721B9303
:10A3D000ADF81420029006901FAB18D001394FF64B
:10A3E000FF7204910791ADF8162002A91E9A0193FD
:10A3F0002046FEF741FD421C01DA8B232360029BBD
:10A4000000221A701CB0BDE8104002B070474FF631
:10A41000FF7204910791ADF8162002A91E9A0193CC
:10A420002046FEF729FD431C01DA8B2323601CB074
:10A43000BDE8104002B070478B2323604FF0FF301F
:10A44000F5E700BF00000020032A30B415D941EA27
:10A450000004A40784460B4604D0541E0FE0043ABF
:10A46000032A08D91946604653F8044B5CF8045B8C
:10A47000A542F4D0F1E760461946541E7AB1431E56
:10A480000139021901E09A4209D013F8010F11F8BD
:10A4900001CF6045F7D0A0EB0C0030BC7047002026
:10A4A00030BC704771B1034600EB010C01E063451D
:10A4B00006D01A46013311780029F8D1101A7047D6
:10A4C000181A70470846704738B5074D00220446F1
:10A4D00008462A6009F03FF8431C00D038BD2B68BD
:10A4E000002BFBD0236038BD04020020F8B50D46D8
:10A4F0001446064610B1036A002B37D0A389A2691F
:10A50000A2601A0719D52369BBB122686169D31A01
:10A51000EDB299422F4620DD0133A1680139A160D7
:10A52000511C2160157062699A420DD0A389DB0726
:10A5300001D50A2D08D03846F8BD21463046FFF730
:10A54000EFFA38B92369E0E721463046FFF7A8F86B
:10A550000028F0D04FF0FF37EDE721463046FFF7F7
:10A560009FF80028F6D122680123D6E7FEF702FF04
:10A57000C4E700BF10B4044C03460A4620685DF8E7
:10A58000044B1946FFF7B2BF0000002038B5074D55
:10A590000022044608462A6008F052FF431C00D0FF
:10A5A00038BD2B68002BFBD0236038BD040200208F
:10A5B00010B50C46B1F90E1000F05EF8002803DB70
:10A5C000636D0344636510BDA38923F48053A381A5
:10A5D00010BD00BF002070472DE9F0410C46B1F9D5
:10A5E0000C101F46CB05054616460BD421F48051AE
:10A5F000A1813B46B4F90E1032462846BDE8F04131
:10A6000000F07CB8B4F90E100223002200F060F8CC
:10A61000B4F90C10EAE700BF10B50C46B1F90E1002
:10A6200000F056F8B4F90C30421C0EBF23F48053EE
:10A6300043F480536065A38110BD00BFB1F90E10D3
:10A6400000F008B851F8043C181F002BBCBF0B5891
:10A65000C018704738B5074D0022044608462A60E6
:10A6600008F05DFF431C00D038BD2B68002BFBD0E9
:10A67000236038BD0402002038B50C46084D8446DE
:10A68000114620461A4600232B60644608F00EFF50
:10A69000431C00D038BD2B68002BFBD0236038BD95
:10A6A0000402002070B50C46084D034600262046E3
:10A6B00011461C462E6008F03EFF431C00D070BDC2
:10A6C0002B68002BFBD0236070BD00BF040200206C
:10A6D00038B50C46084D8446114620461A460023DC
:10A6E0002B60644608F042FF431C00D038BD2B6845
:10A6F000002BFBD0236038BD0402002038B50C4687
:10A70000084D8446114620461A4600232B606446B5
:10A7100008F0E9FE431C00D038BD2B68002BFBD0AD
:10A72000236038BD0402002080B400AF074BD3F88B
:10A730008830064A43F47003C2F88830034B044A59
:10A740009A6000BFBD465DF8047B704700ED00E0F5
:10A750000080000880B582B000AF78607B68002B75
:10A7600001D1012341E07B6893F83D30DBB2002B3F
:10A7700006D17B68002283F83C20786808F048FB0B
:10A780007B68022283F83D207B681A687B6804336B
:10A790001946104600F0CAFC7B68012283F8462067
:10A7A0007B68012283F83E207B68012283F83F20EA
:10A7B0007B68012283F840207B68012283F84120D6
:10A7C0007B68012283F842207B68012283F84320C2
:10A7D0007B68012283F844207B68012283F84520AE
:10A7E0007B68012283F83D20002318460837BD46C8
:10A7F00080BD000080B485B000AF78607B6893F8BE
:10A800003D30DBB2012B01D0012346E07B68022200
:10A8100083F83D207B681B68234A934222D07B68E3
:10A820001B68B3F1804F1DD07B681B681F4A9342A1
:10A8300018D07B681B681E4A934213D07B681B6844
:10A840001C4A93420ED07B681B681B4A934209D076
:10A850007B681B68194A934204D07B681B68184ABE
:10A86000934211D17B681B689B6803F00703FB6070
:10A87000FB68062B10D07B681B681A687B681B6816
:10A8800042F001021A6007E07B681B681A687B6867
:10A890001B6842F001021A60002318461437BD46B7
:10A8A0005DF8047B704700BF0000014000040040D9
:10A8B00000080040000C004000040140004001403E
:10A8C0000018004080B485B000AF78607B6893F8D2
:10A8D0003D30DBB2012B01D001234EE07B68022228
:10A8E00083F83D207B681B68DA687B681B6842F050
:10A8F0000102DA607B681B68234A934222D07B689E
:10A900001B68B3F1804F1DD07B681B681F4A9342C0
:10A9100018D07B681B681E4A934213D07B681B6863
:10A920001C4A93420ED07B681B681B4A934209D095
:10A930007B681B68194A934204D07B681B68184ADD
:10A94000934211D17B681B689B6803F00703FB608F
:10A95000FB68062B10D07B681B681A687B681B6835
:10A9600042F001021A6007E07B681B681A687B6886
:10A970001B6842F001021A60002318461437BD46D6
:10A980005DF8047B704700BF0000014000040040F8
:10A9900000080040000C004000040140004001405D
:10A9A0000018004080B582B000AF78607B68002B53
:10A9B00001D1012341E07B6893F83D30DBB2002BED
:10A9C00006D17B68002283F83C20786800F039F8D3
:10A9D0007B68022283F83D207B681A687B68043319
:10A9E0001946104600F0A2FB7B68012283F846203E
:10A9F0007B68012283F83E207B68012283F83F2098
:10AA00007B68012283F840207B68012283F8412083
:10AA10007B68012283F842207B68012283F843206F
:10AA20007B68012283F844207B68012283F845205B
:10AA30007B68012283F83D20002318460837BD4675
:10AA400080BD80B483B000AF786000BF0C37BD46D6
:10AA50005DF8047B7047000080B584B000AF78607B
:10AA600039603B68002B09D17B6893F83E30DBB23C
:10AA7000012B14BF01230023DBB222E03B68042B2F
:10AA800009D17B6893F83F30DBB2012B14BF01235F
:10AA90000023DBB215E03B68082B09D17B6893F8F3
:10AAA0004030DBB2012B14BF01230023DBB208E0EE
:10AAB0007B6893F84130DBB2012B14BF01230023E4
:10AAC000DBB2002B01D001237CE03B68002B04D1DA
:10AAD0007B68022283F83E2013E03B68042B04D1FC
:10AAE0007B68022283F83F200BE03B68082B04D1EF
:10AAF0007B68022283F8402003E07B68022283F80F
:10AB000041207B681B6801223968184600F0FEFD71
:10AB10007B681B682D4A934204D07B681B682C4AD3
:10AB2000934201D1012300E00023002B07D07B6872
:10AB30001B685A6C7B681B6842F400425A647B684D
:10AB40001B68224A934222D07B681B68B3F1804F76
:10AB50001DD07B681B681F4A934218D07B681B6816
:10AB60001D4A934213D07B681B681C4A93420ED047
:10AB70007B681B68164A934209D07B681B68184A99
:10AB8000934204D07B681B68164A934211D17B68BC
:10AB90001B689B6803F00703FB60FB68062B10D063
:10ABA0007B681B681A687B681B6842F001021A60A8
:10ABB00007E07B681B681A687B681B6842F001022B
:10ABC0001A60002318461037BD4680BD00000140C2
:10ABD000000401400004004000080040000C004058
:10ABE000004001400018004080B584B000AF78609C
:10ABF0007B681B68DB68FB607B681B681B69BB604C
:10AC0000BB6803F00203002B20D0FB6803F00203B3
:10AC1000002B1BD07B681B686FF002021A617B68F7
:10AC200001221A777B681B689B6903F00303002BE2
:10AC300003D0786800F05BFA05E0786800F04DFA20
:10AC4000786800F05EFA7B6800221A77BB6803F030
:10AC50000403002B20D0FB6803F00403002B1BD05F
:10AC60007B681B686FF004021A617B6802221A7706
:10AC70007B681B689B6903F44073002B03D07868E2
:10AC800000F035FA05E0786800F027FA786800F0FF
:10AC900038FA7B6800221A77BB6803F00803002BA0
:10ACA00020D0FB6803F00803002B1BD07B681B68D7
:10ACB0006FF008021A617B6804221A777B681B68B0
:10ACC000DB6903F00303002B03D0786800F00FFA70
:10ACD00005E0786800F001FA786800F012FA7B6805
:10ACE00000221A77BB6803F01003002B20D0FB680A
:10ACF00003F01003002B1BD07B681B686FF0100261
:10AD00001A617B6808221A777B681B68DB6903F489
:10AD10004073002B03D0786800F0E9F905E078680B
:10AD200000F0DBF9786800F0ECF97B6800221A7714
:10AD3000BB6803F00103002B0CD0FB6803F0010398
:10AD4000002B07D07B681B686FF001021A617868DE
:10AD500007F022FCBB6803F08003002B0CD0FB68DB
:10AD600003F08003002B07D07B681B686FF0800224
:10AD70001A61786800F076FDBB6803F04003002B91
:10AD80000CD0FB6803F04003002B07D07B681B68E6
:10AD90006FF040021A61786800F0BDF9BB6803F0FB
:10ADA0002003002B0CD0FB6803F02003002B07D0FE
:10ADB0007B681B686FF020021A61786800F048FD1C
:10ADC00000BF1037BD4680BD80B586B000AFF860CB
:10ADD000B9607A600023FB75FB6893F83C30012B67
:10ADE00001D10223AEE0FB68012283F83C207B689E
:10ADF0000C2B00F29F8001A252F823F031AE000824
:10AE000035AF000835AF000835AF000871AE000857
:10AE100035AF000835AF000835AF0008B3AE000805
:10AE200035AF000835AF000835AF0008F3AE0008B5
:10AE3000FB681B68B968184600F01EFAFB681B68BF
:10AE40009A69FB681B6842F008029A61FB681B68FC
:10AE50009A69FB681B6822F004029A61FB681B6810
:10AE60009969BB681A69FB681B680A439A6164E0C8
:10AE7000FB681B68B968184600F06EFAFB681B682F
:10AE80009A69FB681B6842F400629A61FB681B6860
:10AE90009A69FB681B6822F480629A61FB681B68F0
:10AEA0009969BB681B691A02FB681B680A439A61AF
:10AEB00043E0FB681B68B968184600F0C3FAFB68FA
:10AEC0001B68DA69FB681B6842F00802DA61FB68FC
:10AED0001B68DA69FB681B6822F00402DA61FB6810
:10AEE0001B68D969BB681A69FB681B680A43DA6189
:10AEF00023E0FB681B68B968184600F017FBFB6885
:10AF00001B68DA69FB681B6842F40062DA61FB685F
:10AF10001B68DA69FB681B6822F48062DA61FB68EF
:10AF20001B68D969BB681B691A02FB681B680A4366
:10AF3000DA6102E00123FB7500BFFB68002283F8A1
:10AF40003C20FB7D18461837BD4680BD80B584B0D7
:10AF500000AF786039600023FB737B6893F83C3066
:10AF6000012B01D10223B4E07B68012283F83C204D
:10AF70007B68022283F83D207B681B689B68BB606E
:10AF8000BB6823F07703BB60BB6823F47F43BB60DF
:10AF90007B681B68BA689A603B681B68B3F5005F02
:10AFA0003ED0B3F5005F00F28780B3F5805F00F01C
:10AFB0008680B3F5805F7FD8702B1AD0702B7BD83A
:10AFC000602B50D0602B77D8502B3CD0502B73D8AF
:10AFD000402B58D0402B6FD8302B64D0302B6BD8FF
:10AFE000202B60D0202B67D8002B5CD0102B5AD0A0
:10AFF00062E07B6818683B6899683B685A683B6800
:10B00000DB6800F063FB7B681B689B68BB60BB6808
:10B0100043F07703BB607B681B68BA689A604FE0B7
:10B020007B6818683B6899683B685A683B68DB68CE
:10B0300000F04CFB7B681B689A687B681B6842F4D5
:10B0400080429A603CE07B6818683B6859683B68BE
:10B05000DB681A4600F0C0FA7B681B68502118466E
:10B0600000F019FB2CE07B6818683B6859683B6866
:10B07000DB681A4600F0DFFA7B681B68602118461F
:10B0800000F009FB1CE07B6818683B6859683B6866
:10B09000DB681A4600F0A0FA7B681B68402118465E
:10B0A00000F0F9FA0CE07B681A683B681B681946E7
:10B0B000104600F0F0FA03E00123FB7300E000BF4C
:10B0C0007B68012283F83D207B68002283F83C20C6
:10B0D000FB7B18461037BD4680BD80B483B000AFFF
:10B0E000786000BF0C37BD465DF8047B704780B4C4
:10B0F00083B000AF786000BF0C37BD465DF8047BBD
:10B10000704780B483B000AF786000BF0C37BD4695
:10B110005DF8047B704780B483B000AF786000BFF7
:10B120000C37BD465DF8047B7047000080B485B0E5
:10B1300000AF786039607B681B68FB607B68434ABE
:10B14000934213D07B68B3F1804F0FD07B68404AA5
:10B1500093420BD07B683F4A934207D07B683E4ABC
:10B16000934203D07B683D4A934208D1FB6823F0A9
:10B170007003FB603B685B68FA681343FB607B68A5
:10B18000324A93422BD07B68B3F1804F27D07B6843
:10B190002F4A934223D07B682E4A93421FD07B686C
:10B1A0002D4A93421BD07B682C4A934217D07B6870
:10B1B0002B4A934213D07B682A4A93420FD07B6874
:10B1C000294A93420BD07B68284A934207D07B6878
:10B1D000274A934203D07B68264A934208D1FB68F2
:10B1E00023F44073FB603B68DB68FA681343FB6041
:10B1F000FB6823F080023B685B691343FB603B689C
:10B200009A687B68DA623B681A687B689A627B6836
:10B210000E4A934203D07B68104A934203D13B68A5
:10B220001A697B681A637B681B6843F004027B68B9
:10B230001A607B6801225A617B68FA681A6000BF55
:10B240001437BD465DF8047B704700BF0000014025
:10B250000004004000080040000C004000040140D1
:10B2600000400140004401400048014000180040F7
:10B27000001C00400020004080B487B000AF786020
:10B2800039607B681B6A7B617B681B6A23F0010263
:10B290007B681A627B685B683B617B689B69FB60CB
:10B2A000FB6823F07003FB60FB6823F00303FB6083
:10B2B0003B681B68FA681343FB607B6923F0020359
:10B2C0007B613B689B687A6913437B617B68204A9A
:10B2D000934203D07B681F4A93420CD17B6923F0D1
:10B2E00008037B613B68DB687A6913437B617B6998
:10B2F00023F004037B617B68154A934203D07B688B
:10B30000144A934211D13B6923F480733B613B693A
:10B3100023F400733B613B685B693A6913433B610B
:10B320003B689B693A6913433B617B683A695A60A1
:10B330007B68FA689A613B685A687B685A637B68E5
:10B340007A691A6200BF1C37BD465DF8047B7047FE
:10B35000000001400004014080B487B000AF786075
:10B3600039607B681B6A7B617B681B6A23F0100273
:10B370007B681A627B685B683B617B689B69FB60EA
:10B38000FB6823F4E043FB60FB6823F44073FB603D
:10B390003B681B681B02FA681343FB607B6923F060
:10B3A00020037B613B689B681B017A6913437B61C7
:10B3B0007B68224A934203D07B68214A93420DD195
:10B3C0007B6923F080037B613B68DB681B017A6942
:10B3D00013437B617B6923F040037B617B68174AE1
:10B3E000934203D07B68164A934213D13B6923F4FE
:10B3F00080633B613B6923F400633B613B685B69AD
:10B400009B003A6913433B613B689B699B003A6927
:10B4100013433B617B683A695A607B68FA689A61BA
:10B420003B685A687B689A637B687A691A6200BFD6
:10B430001C37BD465DF8047B704700BF000001402B
:10B440000004014080B487B000AF786039607B6849
:10B450001B6A7B617B681B6A23F480727B681A62BB
:10B460007B685B683B617B68DB69FB60FB6823F0A2
:10B470007003FB60FB6823F00303FB603B681B6801
:10B48000FA681343FB607B6923F400737B613B68BC
:10B490009B681B027A6913437B617B68214A934254
:10B4A00003D07B68204A93420DD17B6923F400636B
:10B4B0007B613B68DB681B027A6913437B617B69B4
:10B4C00023F480637B617B68164A934203D07B68D8
:10B4D000154A934213D13B6923F480533B613B6986
:10B4E00023F400533B613B685B691B013A691343DA
:10B4F0003B613B689B691B013A6913433B617B6875
:10B500003A695A607B68FA68DA613B685A687B6816
:10B51000DA637B687A691A6200BF1C37BD465DF842
:10B52000047B7047000001400004014080B487B0F4
:10B5300000AF786039607B681B6A3B617B681B6A7F
:10B5400023F480527B681A627B685B687B617B684E
:10B55000DB69FB60FB6823F4E043FB60FB6823F4DA
:10B560004073FB603B681B681B02FA681343FB6077
:10B570003B6923F400533B613B689B681B033A69BA
:10B5800013433B617B68124A934203D07B68114AA4
:10B59000934209D17B6923F480437B613B685B69FB
:10B5A0009B017A6913437B617B687A695A607B6887
:10B5B000FA68DA613B685A687B681A647B683A69A2
:10B5C0001A6200BF1C37BD465DF8047B704700BFA0
:10B5D000000001400004014080B487B000AFF86073
:10B5E000B9607A60FB681B6A7B61FB681B6A23F0A9
:10B5F0000102FB681A62FB689B693B613B6923F0AF
:10B60000F0033B617B681B013A6913433B617B6933
:10B6100023F00A037B617A69BB6813437B61FB6893
:10B620003A699A61FB687A691A6200BF1C37BD46A5
:10B630005DF8047B704780B487B000AFF860B960F4
:10B640007A60FB681B6A7B61FB681B6A23F010024F
:10B65000FB681A62FB689B693B613B6923F470439A
:10B660003B617B681B033A6913433B617B6923F0B1
:10B67000A0037B61BB681B017A6913437B61FB6894
:10B680003A699A61FB687A691A6200BF1C37BD4645
:10B690005DF8047B704780B485B000AF7860396096
:10B6A0007B689B68FB60FB6823F07003FB603A6873
:10B6B000FB68134343F00703FB607B68FA689A60FA
:10B6C00000BF1437BD465DF8047B704780B487B077
:10B6D00000AFF860B9607A603B60FB689B687B6193
:10B6E0007B6923F47F437B613B681A027B681A43C2
:10B6F000BB6813437A6913437B61FB687A699A607C
:10B7000000BF1C37BD465DF8047B704780B487B02E
:10B7100000AFF860B9607A60BB6803F01F030122D4
:10B7200002FA03F37B61FB681A6A7B69DB431A4008
:10B73000FB681A62FB681A6ABB6803F01F0379682A
:10B7400001FA03F31A43FB681A6200BF1C37BD46B7
:10B750005DF8047B7047000080B485B000AF78606E
:10B7600039607B6893F83C30012B01D102235AE009
:10B770007B68012283F83C207B68022283F83D200D
:10B780007B681B685B68FB607B681B689B68BB60B1
:10B79000FB6823F07003FB603B681B68FA68134387
:10B7A000FB607B681B68FA685A607B681B68214AEB
:10B7B000934222D07B681B68B3F1804F1DD07B6819
:10B7C0001B681D4A934218D07B681B681B4A934232
:10B7D00013D07B681B681A4A93420ED07B681B68A3
:10B7E000184A934209D07B681B68174A934204D0D9
:10B7F0007B681B68154A93420CD1BB6823F0800319
:10B80000BB603B685B68BA681343BB607B681B68BE
:10B81000BA689A607B68012283F83D207B68002229
:10B8200083F83C20002318461437BD465DF8047B9E
:10B83000704700BF000001400004004000080040C5
:10B84000000C00400004014000400140001800408E
:10B8500080B483B000AF786000BF0C37BD465DF8A0
:10B86000047B704780B483B000AF786000BF0C37B2
:10B87000BD465DF8047B704780B584B000AF78604A
:10B880000023FB737B68002B01D1012333E07B682D
:10B890001B6C002B09D1786807F0FCF87B6800224C
:10B8A0005A647B68002283F83C207B681B6C03F0A1
:10B8B0001003002B18D17B681B6C23F4885323F0F2
:10B8C000020343F002027B681A64786800F04AF9C8
:10B8D0007B6800225A647B681B6C23F0030343F0EF
:10B8E00001027B681A6401E00123FB737B6800227C
:10B8F00083F83C20FB7B18461037BD4680BD000016
:10B9000080B485B000AF786039600023BB607B688D
:10B9100093F83C30012B01D1022313E17B68012213
:10B9200083F83C203B681B68092B25D97B681B6882
:10B93000D9683B681B689BB21A4613465B001344E8
:10B940001E3B072202FA03F3DA437B681B680A40B6
:10B95000DA607B681B68D9683B689A683B681B683B
:10B960009BB2184603465B0003441E3B9A407B682B
:10B970001B680A43DA6022E07B681B6819693B6830
:10B980001B689BB21A4613465B001344072202FA57
:10B9900003F3DA437B681B680A401A617B681B6803
:10B9A00019693B689A683B681B689BB21846034656
:10B9B0005B0003449A407B681B680A431A613B683A
:10B9C0005B68062B24D87B681B68596B3B685A68F8
:10B9D00013469B001344053B1F2202FA03F3DA438C
:10B9E0007B681B680A405A637B681B68596B3B681D
:10B9F0001B689BB218463B685A6813469B00134469
:10BA0000053B00FA03F27B681B680A435A634CE06B
:10BA10003B685B680C2B24D87B681B68196B3B6800
:10BA20005A6813469B001344233B1F2202FA03F378
:10BA3000DA437B681B680A401A637B681B68196BD2
:10BA40003B681B689BB218463B685A6813469B00CC
:10BA50001344233B00FA03F27B681B680A431A6312
:10BA600023E07B681B68D96A3B685A6813469B00D1
:10BA70001344413B1F2202FA03F3DA437B681B683D
:10BA80000A40DA627B681B68D96A3B681B689BB214
:10BA900018463B685A6813469B001344413B00FA22
:10BAA00003F27B681B680A43DA62294BFB607B6800
:10BAB0001B68284A93420FD13B681B68122B0BD19D
:10BAC000FB685B6823F40002FB685A60FB685B68F4
:10BAD00043F48002FB685A607B681B681D4A9342EE
:10BAE0002BD13B681B681C4A934203D03B681B6800
:10BAF000112B22D1FB685B6823F48002FB685A603B
:10BB0000FB685B6843F40002FB685A603B681B6893
:10BB1000114A934211D1114B1B68114AA2FB032316
:10BB20009A0C13469B0013445B00BB6002E0BB68A9
:10BB3000013BBB60BB68002BF9D17B68002283F816
:10BB40003C20002318461437BD465DF8047B70473F
:10BB50000023014000200140120000105C00002082
:10BB600083DE1B4380B485B000AF7860794BFB6007
:10BB7000FB685B6823F44032FB685A60FB685A68D4
:10BB80007B685B681A43FB685A607B681B685A686D
:10BB90007B681B6822F480725A607B681B68596856
:10BBA0007B681B691A027B681B680A435A607B68C2
:10BBB0001B685A687B681B6822F040725A607B6879
:10BBC0001B6859687B689A687B681B680A435A60DF
:10BBD0007B681B689A687B681B6822F400629A6025
:10BBE0007B681B6899687B68DA687B681B680A4316
:10BBF0009A607B689B6A584A934222D07B681B6894
:10BC00009A687B681B6822F070629A607B681B6888
:10BC100099687B689A6A7B681B680A439A607B68AC
:10BC20001B689A687B681B6822F040529A607B68A8
:10BC30001B6899687B68DA6A7B681B680A439A60AC
:10BC40000FE07B681B689A687B681B6822F0706253
:10BC50009A607B681B689A687B681B6822F0405278
:10BC60009A607B681B689A687B681B6822F00202F6
:10BC70009A607B681B6899687B681B7E5A007B68AA
:10BC80001B680A439A607B6893F82030002B1BD016
:10BC90007B681B685A687B681B6842F400625A60C4
:10BCA0007B681B685A687B681B6822F460425A6094
:10BCB0007B681B6859687B685B6A013B5A037B6839
:10BCC0001B680A435A6007E07B681B685A687B68F8
:10BCD0001B6822F400625A607B681B68DA6A7B6822
:10BCE0001B6822F47002DA627B681B68D96A7B6881
:10BCF000DB69013B1A057B681B680A43DA627B68D3
:10BD00001B689A687B681B6822F400729A607B68E3
:10BD10001B6899687B6893F830305A027B681B680F
:10BD20000A439A607B681B689A687B681B6822F4E8
:10BD300080629A607B681B6899687B685B699A027D
:10BD40007B681B680A439A6000BF1437BD465DF8E4
:10BD5000047B7047002301400100000F80B586B0CE
:10BD600000AF78607B68002B01D1012367E27B681C
:10BD70001B6803F00103002B75D0884B9B6803F010
:10BD80000C03042B0CD0854B9B6803F00C03082B91
:10BD900012D1824B5B6803F48003B3F5800F0BD1A3
:10BDA0007E4B1B6803F40033002B5BD07B685B6821
:10BDB000002B57D1012342E27B685B68B3F5803FDB
:10BDC00006D1764B1B68754A43F4803313601DE03F
:10BDD0007B685B68B3F5A02F0CD1704B1B686F4A72
:10BDE00043F4802313606D4B1B686C4A43F480332B
:10BDF00013600BE0694B1B68684A23F480331360BF
:10BE0000664B1B68654A23F4802313607B685B687C
:10BE1000002B13D001F0A6FB386108E001F0A2FB73
:10BE200002463B69D31A642B01D9032307E25B4B1B
:10BE30001B6803F40033002BF0D014E001F092FBF8
:10BE4000386108E001F08EFB02463B69D31A642B8F
:10BE500001D90323F3E1514B1B6803F40033002B9A
:10BE6000F0D100E000BF7B681B6803F00203002BE9
:10BE700063D04A4B9B6803F00C03002B0BD0474B5D
:10BE80009B6803F00C03082B1CD1444B5B6803F444
:10BE90008003002B16D1414B1B6803F00203002BDB
:10BEA00005D07B68DB68012B01D00123C7E13B4B48
:10BEB0001B6823F0F8027B681B69DB0037491343DA
:10BEC0000B603AE07B68DB68002B20D0344B01220A
:10BED0001A6001F047FB386108E001F043FB0246BD
:10BEE0003B69D31A022B01D90323A8E12B4B1B6812
:10BEF00003F00203002BF0D0284B1B6823F0F8025C
:10BF00007B681B69DB00254913430B6015E0244B5C
:10BF100000221A6001F026FB386108E001F022FBE4
:10BF200002463B69D31A022B01D9032387E11B4B3D
:10BF30001B6803F00203002BF0D17B681B6803F041
:10BF40000803002B36D07B685B69002B16D0154B9D
:10BF500001221A6001F006FB386108E001F002FBE3
:10BF600002463B69D31A022B01D9032367E10B4B2D
:10BF70005B6F03F00203002BF0D01BE0094B0022A3
:10BF80001A6001F0EFFA38610EE001F0EBFA0246B8
:10BF90003B69D31A022B07D9032350E10038024032
:10BFA00000004742800E4742884B5B6F03F002035C
:10BFB000002BEAD17B681B6803F00403002B00F020
:10BFC00097800023FB75814B1B6C03F08053002B83
:10BFD0000FD10023BB607D4B1B6C7C4A43F0805328
:10BFE00013647A4B1B6C03F08053BB60BB68012366
:10BFF000FB75774B1B6803F48073002B18D1744BCF
:10C000001B68734A43F48073136001F0ABFA386124
:10C0100008E001F0A7FA02463B69D31A022B01D9C6
:10C0200003230CE16A4B1B6803F48073002BF0D0F0
:10C030007B689B68012B06D1644B1B6F634A43F0FE
:10C04000010313671CE07B689B68052B0CD15F4BD9
:10C050001B6F5E4A43F0040313675C4B1B6F5B4A24
:10C0600043F0010313670BE0584B1B6F574A23F053
:10C0700001031367554B1B6F544A23F004031367E6
:10C080007B689B68002B15D001F06CFA38610AE0E0
:10C0900001F068FA02463B69D31A41F288329342B2
:10C0A00001D90323CBE0494B1B6F03F00203002BA4
:10C0B000EED014E001F056FA38610AE001F052FACD
:10C0C00002463B69D31A41F28832934201D90323D5
:10C0D000B5E03E4B1B6F03F00203002BEED1FB7D5E
:10C0E000012B05D1394B1B6C384A23F08053136464
:10C0F0007B689B69002B00F0A180344B9B6803F0A8
:10C100000C03082B5CD07B689B69022B41D1314B1F
:10C1100000221A6001F026FA386108E001F022FAE4
:10C1200002463B69D31A022B01D9032387E0274B30
:10C130001B6803F00073002BF0D17B68DA697B6821
:10C140001B6A1A437B685B6A9B011A437B689B6A84
:10C150005B08013B1B041A437B68DB6A1B061B4917
:10C1600013434B601B4B01221A6001F0FBF938614D
:10C1700008E001F0F7F902463B69D31A022B01D916
:10C1800003235CE0114B1B6803F00073002BF0D01D
:10C1900054E0104B00221A6001F0E4F9386108E025
:10C1A00001F0E0F902463B69D31A022B01D90323BF
:10C1B00045E0064B1B6803F00073002BF0D13DE017
:10C1C0007B689B69012B07D1012338E000380240CE
:10C1D00000700040600047421B4B5B68FB607B685F
:10C1E0009B69012B28D0FB6803F480027B68DB6924
:10C1F0009A4221D1FB6803F03F027B681B6A9A4296
:10C200001AD1FA6847F6C07313407A68526A9201ED
:10C21000934211D1FB6803F440327B689B6A5B0850
:10C22000013B1B049A4207D1FB6803F070627B68F4
:10C23000DB6A1B069A4201D0012300E00023184666
:10C240001837BD4680BD00BF0038024080B584B0BD
:10C2500000AF786039607B68002B01D10123CCE00E
:10C26000684B1B6803F00F033A689A420CD9654B80
:10C270003A68D2B21A70634B1B6803F00F033A6836
:10C280009A4201D00123B8E07B681B6803F00203E7
:10C29000002B20D07B681B6803F00403002B05D023
:10C2A000594B9B68584A43F4E05393607B681B6882
:10C2B00003F00803002B05D0534B9B68524A43F40C
:10C2C00060439360504B9B6823F0F0027B689B684F
:10C2D0004D4913438B607B681B6803F00103002BFF
:10C2E00044D07B685B68012B07D1474B1B6803F484
:10C2F0000033002B19D101237FE07B685B68022BA0
:10C3000003D07B685B68032B07D13F4B1B6803F0AE
:10C310000073002B09D101236FE03B4B1B6803F036
:10C320000203002B01D1012367E0374B9B6823F008
:10C3300003027B685B68344913438B6001F012F998
:10C34000F8600AE001F00EF90246FB68D31A41F2E8
:10C350008832934201D903234FE02B4B9B6803F0B3
:10C360000C027B685B689B009A42EBD1254B1B68F3
:10C3700003F00F033A689A420CD2224B3A68D2B2C9
:10C380001A70204B1B6803F00F033A689A4201D0E1
:10C39000012332E07B681B6803F00403002B08D004
:10C3A000194B9B6823F4E0527B68DB681649134302
:10C3B0008B607B681B6803F00803002B09D0124BCD
:10C3C0009B6823F460427B681B69DB000E491343C2
:10C3D0008B6000F021F802460B4B9B681B0903F0B1
:10C3E0000F030A49CB5C22FA03F3094A1360094B95
:10C3F0001B68184606F0A8FF002318461037BD46F4
:10C4000080BD00BF003C024000380240385F010898
:10C410005C000020600000202DE9B04F90B000AF1C
:10C4200000237B630023FB6300233B630023BB6388
:10C43000594B9B6803F00C03082B0DD0082B00F21E
:10C44000A180002B02D0042B03D09BE0534BBB6395
:10C450009BE0534BBB6398E04F4B5B6803F03F039B
:10C460007B634D4B5B6803F48003002B28D04A4B61
:10C470005B689B0900223B627A623B6AC3F3080057
:10C480000021474B03FB01F2002300FB03F313449D
:10C49000434AA0FB0212FA620A46BA62FA6A1344DD
:10C4A000FB627B6B0022BB61FA61D7E90623D7E907
:10C4B0000A01FBF7C9FE02460B461346FB6353E035
:10C4C000354B5B689B0900223B617A613B69C3F392
:10C4D000080A4FF0000B52465B464FF000004FF049
:10C4E0000001590141EAD261500102460B46B2EB0C
:10C4F0000A0863EB0B094FF000024FF000034FEA0C
:10C50000891343EA98634FEA8812B2EB080463EB9D
:10C5100009054FF000024FF00003EB0043EA5473AB
:10C52000E20014461D4614EB0A033B6045EB0B0387
:10C530007B604FF000024FF00003D7E90045294629
:10C540008B02214643EA915321468A02104619463E
:10C550007B6B0022BB60FA60D7E90223FBF774FE15
:10C5600002460B461346FB630B4B5B681B0C03F048
:10C57000030301335B003B63FA6B3B6BB2FBF3F3EA
:10C58000BB6302E0054BBB6300BFBB6B1846403783
:10C59000BD46BDE8B08F00BF003802400024F40063
:10C5A00040787D0180B400AF034B1B681846BD4640
:10C5B0005DF8047B704700BF5C00002080B500AFD1
:10C5C000FFF7F0FF0246054B9B689B0A03F0070349
:10C5D0000349CB5C22FA03F3184680BD00380240C1
:10C5E000485F010880B500AFFFF7DCFF0246054B4E
:10C5F0009B685B0B03F007030349CB5C22FA03F350
:10C60000184680BD00380240485F010880B483B0FE
:10C6100000AF786039607B680F221A60124B9B680C
:10C6200003F003027B685A600F4B9B6803F0F00233
:10C630007B689A600C4B9B6803F4E0527B68DA607D
:10C64000094B9B68DB0803F4E0527B681A61074BD7
:10C650001B6803F00F023B681A6000BF0C37BD4631
:10C660005DF8047B704700BF00380240003C024088
:10C6700080B489B000AF7860396000237B6100230B
:10C680003B610023BB610023FB6177E10122FB6971
:10C6900002FA03F37B613B681B687A6913403B61D4
:10C6A0003A697B699A4240F066813B685B6803F0B7
:10C6B0000303012B05D03B685B6803F00303022BE7
:10C6C00030D17B689B68BB61FB695B00032202FA87
:10C6D00003F3DB43BA691340BB613B68DA68FB696B
:10C6E0005B0002FA03F3BA691343BB617B68BA6962
:10C6F0009A607B685B68BB610122FB6902FA03F305
:10C70000DB43BA691340BB613B685B681B0903F0FC
:10C710000102FB6902FA03F3BA691343BB617B6848
:10C72000BA695A603B685B6803F00303032B17D0B8
:10C730007B68DB68BB61FB695B00032202FA03F3E1
:10C74000DB43BA691340BB613B689A68FB695B00D5
:10C7500002FA03F3BA691343BB617B68BA69DA6012
:10C760003B685B6803F00303022B23D1FB69DA0803
:10C770007B68083253F82230BB61FB6903F0070382
:10C780009B000F2202FA03F3DB43BA691340BB613B
:10C790003B681A69FB6903F007039B0002FA03F385
:10C7A000BA691343BB61FB69DA087B680832B9696F
:10C7B00043F822107B681B68BB61FB695B000322A6
:10C7C00002FA03F3DB43BA691340BB613B685B6861
:10C7D00003F00302FB695B0002FA03F3BA69134337
:10C7E000BB617B68BA691A603B685B6803F44033DD
:10C7F000002B00F0C0800023FB60664B5B6C654A39
:10C8000043F480435364634B5B6C03F48043FB60ED
:10C81000FB68614AFB699B08023352F82330BB6115
:10C82000FB6903F003039B000F2202FA03F3DB43CF
:10C83000BA691340BB617B68584A934237D07B6822
:10C84000574A934231D07B68564A93422BD07B683B
:10C85000554A934225D07B68544A93421FD07B6847
:10C86000534A934219D07B68524A934213D07B6853
:10C87000514A93420DD07B68504A934207D07B685F
:10C880004F4A934201D1092312E00A2310E0082302
:10C890000EE007230CE006230AE0052308E004234A
:10C8A00006E0032304E0022302E0012300E000236A
:10C8B000FA6902F0030292009340BA691343BB6124
:10C8C0003549FB699B080233BA6941F823203D4B87
:10C8D0009B68BB613B69DB43BA691340BB613B6842
:10C8E0005B6803F48013002B03D0BA693B691343E0
:10C8F000BB61344ABB699360324BDB68BB613B6907
:10C90000DB43BA691340BB613B685B6803F4001307
:10C91000002B03D0BA693B691343BB61294ABB6949
:10C92000D360284B5B68BB613B69DB43BA6913404A
:10C93000BB613B685B6803F40033002B03D0BA692A
:10C940003B691343BB611F4ABB6953601D4B1B68A6
:10C95000BB613B69DB43BA691340BB613B685B6801
:10C9600003F48033002B03D0BA693B691343BB61E6
:10C97000144ABB691360FB690133FB61FB690F2B30
:10C980007FF684AE00BF00BF2437BD465DF8047B50
:10C99000704700BF003802400038014000000240EC
:10C9A0000004024000080240000C02400010024057
:10C9B0000014024000180240001C02400020024007
:10C9C00000240240003C014080B485B000AF786094
:10C9D0000B467B807B681A697B881340002B02D052
:10C9E0000123FB7301E00023FB73FB7B1846143724
:10C9F000BD465DF8047B704780B483B000AF7860BB
:10CA00000B467B8013467B707B78002B03D07A88A3
:10CA10007B689A6103E07B881A047B689A6100BF97
:10CA20000C37BD465DF8047B704780B485B000AF1D
:10CA300078600B467B807B685B69FB607A88FB686B
:10CA400013401A04FB68D9437B880B401A437B6868
:10CA50009A6100BF1437BD465DF8047B7047000043
:10CA600080B582B000AF0346FB80084B5A69FB8853
:10CA70001340002B06D0054AFB885361FB881846FB
:10CA800005F01EFF00BF0837BD4680BD003C0140D9
:10CA900080B586B000AF786000237B6100F062FD56
:10CAA00038617B68002B01D1012399E07B68022269
:10CAB00083F835207B68002283F834207B681B686C
:10CAC0001A687B681B6822F001021A600FE000F010
:10CAD00049FD02463B69D31A052B08D97B68202201
:10CAE0005A657B68032283F83520032378E07B684E
:10CAF0001B681B6803F00103002BE8D17B681B68EF
:10CB00001B687B617A69384B13407B617B685A688C
:10CB10007B689B681A437B68DB681A437B681B69E8
:10CB20001A437B685B691A437B689B691A437B687D
:10CB3000DB691A437B681B6A13437A6913437B6181
:10CB40007B685B6A042B07D17B68DA6A7B681B6BA6
:10CB500013437A6913437B617B681B687A691A60A7
:10CB60007B681B685B697B617B6923F007037B61E2
:10CB70007B685B6A7A6913437B617B685B6A042B21
:10CB800017D17B689B6A7A6913437B617B68DB6A98
:10CB9000002B0ED0786800F001FB0346002B08D074
:10CBA0007B6840225A657B68012283F83520012387
:10CBB00016E07B681B687A695A61786800F0B8FAF9
:10CBC0000346FB607B68DB6D3F229A40FB689A60FE
:10CBD0007B6800225A657B68012283F83520002398
:10CBE00018461837BD4680BD3F8010F080B586B02E
:10CBF00000AFF860B9607A603B600023FB75FB68AA
:10CC00009B6D3B61FB6893F83430012B01D102230B
:10CC100040E0FB68012283F83420FB6893F835304C
:10CC2000DBB2012B2FD1FB68022283F83520FB6891
:10CC300000225A653B687A68B968F86800F04AFAD9
:10CC4000FB68DB6D3F229A403B699A60FB681B687A
:10CC50001A68FB681B6842F016021A60FB681B6CBE
:10CC6000002B07D0FB681B681A68FB681B6842F042
:10CC700008021A60FB681B681A68FB681B6842F0B0
:10CC800001021A6005E0FB68002283F834200223C9
:10CC9000FB75FB7D18461837BD4680BD80B584B056
:10CCA00000AF78607B689B6DFB6000F05BFCB86058
:10CCB0007B6893F83530DBB2022B08D07B6880228A
:10CCC0005A657B68002283F83420012352E07B6898
:10CCD0001B681A687B681B6822F016021A607B6862
:10CCE0001B685A697B681B6822F080025A617B6866
:10CCF0001B6C002B03D17B689B6C002B07D07B68DF
:10CD00001B681A687B681B6822F008021A607B683F
:10CD10001B681A687B681B6822F001021A6013E026
:10CD200000F020FC0246BB68D31A052B0CD97B68A7
:10CD300020225A657B68032283F835207B68002215
:10CD400083F83420032315E07B681B681B6803F01D
:10CD50000103002BE4D17B68DB6D3F229A40FB6826
:10CD60009A607B68012283F835207B68002283F873
:10CD70003420002318461037BD4680BD80B483B0F0
:10CD800000AF78607B6893F83530DBB2022B04D0BB
:10CD90007B6880225A6501230CE07B68052283F8BA
:10CDA00035207B681B681A687B681B6822F00102CB
:10CDB0001A60002318460C37BD465DF8047B7047A7
:10CDC00080B586B000AF78600023BB608E4B1B68D7
:10CDD0008E4AA2FB03239B0A7B617B689B6D3B61B0
:10CDE0003B691B68FB607B68DB6D08229A40FB682F
:10CDF0001340002B1AD07B681B681B6803F00403E8
:10CE0000002B13D07B681B681A687B681B6822F0B4
:10CE100004021A607B68DB6D08229A403B699A60C5
:10CE20007B685B6D43F001027B685A657B68DB6D54
:10CE300001229A40FB681340002B12D07B681B68CC
:10CE40005B6903F08003002B0BD07B68DB6D012254
:10CE50009A403B699A607B685B6D43F002027B6895
:10CE60005A657B68DB6D04229A40FB681340002BF7
:10CE700012D07B681B681B6803F00203002B0BD0E9
:10CE80007B68DB6D04229A403B699A607B685B6D2E
:10CE900043F004027B685A657B68DB6D10229A4080
:10CEA000FB681340002B43D07B681B681B6803F0B2
:10CEB0000803002B3CD07B68DB6D10229A403B6955
:10CEC0009A607B681B681B6803F48023002B18D0D2
:10CED0007B681B681B6803F40023002B08D17B6868
:10CEE0001B6C002B24D07B681B6C786898471FE074
:10CEF0007B689B6C002B1BD07B689B6C7868984789
:10CF000016E07B681B681B6803F48073002B07D155
:10CF10007B681B681A687B681B6822F008021A602D
:10CF20007B681B6C002B03D07B681B6C7868984770
:10CF30007B68DB6D20229A40FB681340002B00F0D9
:10CF40008F807B681B681B6803F01003002B00F0C8
:10CF500087807B68DB6D20229A403B699A607B6802
:10CF600093F83530DBB2052B36D17B681B681A6825
:10CF70007B681B6822F016021A607B681B685A697E
:10CF80007B681B6822F080025A617B681B6C002B57
:10CF900003D17B689B6C002B07D07B681B681A68E9
:10CFA0007B681B6822F008021A607B68DB6D3F22F9
:10CFB0009A403B699A607B68012283F835207B6840
:10CFC000002283F834207B681B6D002B7ED07B68A9
:10CFD0001B6D7868984779E07B681B681B6803F4D1
:10CFE0008023002B1DD07B681B681B6803F4002383
:10CFF000002B0DD17B685B6C002B31D07B685B6CA8
:10D00000786898472CE000BF5C000020B5814E1B7B
:10D010007B68DB6B002B23D07B68DB6B78689847E1
:10D020001EE07B681B681B6803F48073002B0FD124
:10D030007B681B681A687B681B6822F010021A6004
:10D040007B68012283F835207B68002283F8342036
:10D050007B68DB6B002B03D07B68DB6B78689847C1
:10D060007B685B6D002B32D07B685B6D03F0010346
:10D07000002B22D07B68052283F835207B681B6853
:10D080001A687B681B6822F001021A60BB680133D2
:10D09000BB607A699A4207D37B681B681B6803F000
:10D0A0000103002BF2D100E000BF7B68012283F86E
:10D0B00035207B68002283F834207B68DB6C002BF2
:10D0C00005D07B68DB6C7868984700E000BF1837B4
:10D0D000BD4680BD80B485B000AFF860B9607A60AD
:10D0E0003B60FB681B681A68FB681B6822F480229F
:10D0F0001A60FB681B683A685A60FB689B68402BA3
:10D1000008D1FB681B687A689A60FB681B68BA687C
:10D11000DA6007E0FB681B68BA689A60FB681B6806
:10D120007A68DA6000BF1437BD465DF8047B70474B
:10D1300080B485B000AF78607B681B68DBB2103BC1
:10D14000144AA2FB03231B09FB60134AFB68134428
:10D150001B781A467B68DA65FB68032B09D97B6864
:10D160001B6823F47F7323F003031A1D7B689A6501
:10D1700007E07B681B6823F47F7323F003037A685E
:10D1800093657B689B6D18461437BD465DF8047B3C
:10D19000704700BFABAAAAAA505F010880B485B04F
:10D1A00000AF78600023FB737B689B6ABB607B6881
:10D1B0009B69002B1FD1BB68032B56D801A252F8E4
:10D1C00023F000BFD5D10008E7D10008D5D1000871
:10D1D0006BD200087B68DB6A03F08073002B46D0BB
:10D1E0000123FB7343E07B68DB6AB3F1C07F40D16E
:10D1F0000123FB733DE07B689B69B3F5005F21D1A0
:10D20000BB68032B37D801A252F823F01DD20008C7
:10D2100023D200081DD2000835D200080123FB7379
:10D2200030E07B68DB6A03F08073002B25D001239C
:10D23000FB7322E07B68DB6AB3F1C07F1FD101235F
:10D24000FB731CE0BB68022B03D9BB68032B03D024
:10D2500018E00123FB7315E07B68DB6A03F0807341
:10D26000002B0ED00123FB730BE000BF0AE000BFD0
:10D2700008E000BF06E000BF04E000BF02E000BF1E
:10D2800000E000BFFB7B18461437BD465DF8047B09
:10D29000704700BF80B582B000AF00237B600023E1
:10D2A0003B60204B1B6C1F4A43F0805313641D4BA3
:10D2B0001B6C03F080533B603B681B4B01221A60E0
:10D2C00000F050F9786009E000F04CF902467B6804
:10D2D000D31AB3F57A7F01D903231FE0134B5B68A0
:10D2E00003F48033B3F5803FEED1114B01221A6075
:10D2F00000F038F9786009E000F034F902467B6804
:10D30000D31AB3F57A7F01D9032307E0074B5B6893
:10D3100003F40033B3F5003FEED10023184608377D
:10D32000BD4680BD0038024040000E420070004003
:10D3300044000E4280B485B000AF78607B6803F093
:10D340000703FB600C4BDB68BB60BA684FF6FF035A
:10D350001340BB60FB681A02BB68134343F0BF6312
:10D3600043F40033BB60044ABB68D36000BF14378A
:10D37000BD465DF8047B704700ED00E080B400AF6F
:10D38000044BDB681B0A03F007031846BD465DF833
:10D39000047B704700ED00E080B483B000AF03462B
:10D3A000FB7197F90730002B0BDBFB7903F01F02B1
:10D3B000074997F907305B09012000FA02F241F8AA
:10D3C000232000BF0C37BD465DF8047B704700BFCB
:10D3D00000E100E080B483B000AF03463960FB7128
:10D3E00097F90730002B0ADB3B68DAB20C4997F952
:10D3F00007301201D2B20B4483F800230AE03B68E5
:10D40000DAB20849FB7903F00F03043B1201D2B2F0
:10D410000B441A7600BF0C37BD465DF8047B70479D
:10D4200000E100E000ED00E080B489B000AFF860FA
:10D43000B9607A60FB6803F00703FB61FB69C3F125
:10D440000703042B28BF0423BB61FB690433062BAD
:10D4500002D9FB69033B00E000237B614FF0FF3200
:10D46000BB6902FA03F3DA43BB681A407B699A404E
:10D470004FF0FF317B6901FA03F3D9437B680B401E
:10D48000134318462437BD465DF8047B704780B5CA
:10D4900082B000AF78607868FFF74CFF00BF0837B4
:10D4A000BD4680BD80B586B000AF0346B9607A60E6
:10D4B000FB7300237B61FFF761FF78617A68B968CD
:10D4C0007869FFF7B1FF024697F90F301146184609
:10D4D000FFF780FF00BF1837BD4680BD80B582B022
:10D4E00000AF0346FB7197F907301846FFF754FF6A
:10D4F00000BF0837BD4680BD80B500AF0E4B1B682E
:10D500000D4A43F4007313600B4B1B680A4A43F443
:10D5100080631360084B1B68074A43F480731360F1
:10D520000320FFF7B4FF0F2005F00EFF05F0E0FE2B
:10D530000023184680BD00BF003C024080B400AF0D
:10D54000064B1B781A46064B1B681344044A1360AB
:10D5500000BFBD465DF8047B704700BF640000203B
:10D560000802002080B400AF034B1B681846BD467C
:10D570005DF8047B704700BF0802002080B584B0CE
:10D5800000AF7860FFF7EEFFB8607B68FB60FB6878
:10D59000B3F1FF3F05D00A4B1B781A46FB681344D2
:10D5A000FB6000BFFFF7DEFF0246BB68D31AFA68D4
:10D5B0009A42F7D800BF00BF1037BD4680BD00BFFC
:10D5C0006400002080B584B000AF78607B68002BD9
:10D5D00001D101232BE17B6893F83D30DBB2002BB6
:10D5E00006D17B68002283F83C20786805F0FEFABB
:10D5F0007B68242283F83D207B681B681A687B685F
:10D600001B6822F001021A607B681B681A687B683D
:10D610001B6842F400421A607B681B681A687B68CA
:10D620001B6822F400421A60FEF7C8FFF8607B68AE
:10D630005B68814A934207D8FB68804A934294BF53
:10D6400001230023DBB206E0FB687D4A934294BFCE
:10D6500001230023DBB2002B01D00123E7E0FB68AC
:10D66000784AA2FB03239B0CBB607B681B685B684A
:10D6700023F03F017B681B68BA680A435A607B68E5
:10D680001B681B6A23F03F017B685B686A4A934210
:10D6900002D8BB68013309E0BB684FF4967202FB05
:10D6A00003F3694AA2FB03239B0901337A681268DA
:10D6B0000B4313627B681B68DB6923F44F4222F043
:10D6C000FF027B685B685C498B4219D8FB68591E76
:10D6D0007B685B685B00B1FBF3F3591C40F6FC739D
:10D6E0000B40002B0AD0FB68591E7B685B685B000F
:10D6F000B1FBF3F30133C3F30B0351E004234FE019
:10D700007B689B68002B11D1FB68581E7B685968A9
:10D710000B465B000B44B0FBF3F30133C3F30B0385
:10D72000002B0CBF01230023DBB212E0FB68581E64
:10D730007B6859680B469B000B4499000B44B0FB77
:10D74000F3F30133C3F30B03002B0CBF01230023BE
:10D75000DBB2002B01D0012322E07B689B68002B09
:10D760000ED1FB68581E7B6859680B465B000B4462
:10D77000B0FBF3F30133C3F30B0343F400430FE0B7
:10D78000FB68581E7B6859680B469B000B44990048
:10D790000B44B0FBF3F30133C3F30B0343F44043F7
:10D7A000796809681343CB617B681B681B6823F0A9
:10D7B000C0017B68DA697B681B6A1A437B681B6857
:10D7C0000A431A607B681B689B6823F4034323F0B9
:10D7D000FF037A6811697A68D26811437A6812681F
:10D7E0000B4393607B681B68DB6823F0FF017B6859
:10D7F0005A697B689B691A437B681B680A43DA6035
:10D800007B681B681A687B681B6842F001021A601B
:10D810007B6800221A647B68202283F83D207B68A5
:10D8200000221A637B68002283F83E2000231846FA
:10D830001037BD4680BD00BFA08601007F841E005A
:10D84000FF083D0083DE1B43D34D621080B483B0DC
:10D8500000AF786039607B6893F83D30DBB2202BF5
:10D8600029D17B68242283F83D207B681B681A68D5
:10D870007B681B6822F001021A607B681B685A6A89
:10D880007B681B6822F010025A627B681B68596A29
:10D890007B681B683A680A435A627B681B681A688F
:10D8A0007B681B6842F001021A607B68202283F8C3
:10D8B0003D20002300E0022318460C37BD465DF8EA
:10D8C000047B704780B485B000AF78603960002376
:10D8D000FB817B6893F83D30DBB2202B2AD17B683B
:10D8E000242283F83D207B681B681A687B681B68CC
:10D8F00022F001021A607B681B685B6AFB81FB896E
:10D9000023F00F03FB813B689AB2FB891343FB8131
:10D910007B681B68FA895A627B681B681A687B6897
:10D920001B6842F001021A607B68202283F83D20C8
:10D93000002300E0022318461437BD465DF8047B3F
:10D94000704780B582B000AF78607B68002B01D152
:10D9500001237BE07B685B6A002B08D17B685B68F6
:10D96000B3F5827F09D07B680022DA6105E07B682D
:10D9700000221A617B6800225A617B6800229A6249
:10D980007B6893F85130DBB2002B06D17B68002214
:10D9900083F85020786805F0A7F97B68022283F8A5
:10D9A00051207B681B681A687B681B6822F0400264
:10D9B0001A607B685B6803F482727B689B6803F47F
:10D9C00004431A437B68DB6803F400631A437B68F3
:10D9D0001B6903F002031A437B685B6903F00103D0
:10D9E0001A437B689B6903F400731A437B68DB6905
:10D9F00003F038031A437B681B6A03F0800342EA92
:10DA000003017B689B6A03F400527B681B680A432E
:10DA10001A607B689B691B0C03F004017B685B6ADE
:10DA200003F010027B681B680A435A607B681B681E
:10DA3000DA697B681B6822F40062DA617B68002285
:10DA40005A657B68012283F8512000231846083765
:10DA5000BD4680BD80B582B000AF78607B68002B8A
:10DA600001D1012342E07B6893F84130DBB2002B07
:10DA700006D17B68002283F84020786805F066FABA
:10DA80007B68242283F841207B681B68DA687B6806
:10DA90001B6822F40052DA60786800F0C7FE7B68E9
:10DAA0001B681A697B681B6822F490421A617B68C4
:10DAB0001B685A697B681B6822F02A025A617B68DE
:10DAC0001B68DA687B681B6842F40052DA607B6886
:10DAD00000225A647B68202283F841207B68202240
:10DAE00083F842207B6800225A63002318460837D7
:10DAF000BD4680BD80B58AB002AFF860B9603B60BA
:10DB00001346FB8000237B61FB6893F84130DBB256
:10DB1000202B75D1BB68002B02D0FB88002B01D1D4
:10DB200001236EE0FB6800225A64FB68212283F81F
:10DB30004120FFF717FD7861FB68FA889A84FB683B
:10DB4000FA88DA84FB689B68B3F5805F08D1FB68CC
:10DB50001B69002B04D10023FB61BB68BB6103E0A0
:10DB6000BB68FB610023BB612EE03B6800937B69CF
:10DB700000228021F86800F03EFC0346002B05D00F
:10DB8000FB68202283F8412003233AE0FB69002B45
:10DB90000BD1BB691B881A46FB681B68C2F30802DD
:10DBA0005A60BB690233BB6107E0FB691A78FB6806
:10DBB0001B685A60FB690133FB61FB68DB8C9BB21D
:10DBC000013B9AB2FB68DA84FB68DB8C9BB2002BCA
:10DBD000CBD13B6800937B6900224021F86800F0BC
:10DBE0000AFC0346002B05D0FB68202283F8412065
:10DBF000032306E0FB68202283F84120002300E095
:10DC0000022318462037BD4680BD000080B58CB089
:10DC100000AFF860B9601346FB80FB6893F84130B1
:10DC2000DBB2202B62D1BB68002B02D0FB88002B1B
:10DC300001D101235BE0BA68FB681A62FB68FA88CD
:10DC40009A84FB68FA88DA84FB6800225A64FB68CD
:10DC5000212283F84120FB689B6B274ADA63FB682B
:10DC60009B6B264A1A64FB689B6B254ADA64FB6847
:10DC70009B6B00221A6507F10803FB62FB68986B37
:10DC8000FB6A1968FB681B6804331A46FB88FEF7B9
:10DC9000ADFF0346002B08D0FB6810225A64FB68D6
:10DCA000202283F84120012321E0FB681B686FF0EC
:10DCB00040021A60FB681B681433BB61BB6953E800
:10DCC000003F7B617B6943F08003BB62FB681B689C
:10DCD0001433BA6A7A623B62396A7A6A41E800238D
:10DCE000FB61FB69002BE5D1002300E0022318460D
:10DCF0003037BD4680BD00BFADE2000847E30008F5
:10DD000063E3000880B5BAB000AF78607B681B6839
:10DD10001B68C7F8E4307B681B68DB68C7F8E03035
:10DD20007B681B685B69C7F8DC300023C7F8D83014
:10DD30000023C7F8D430D7F8E43003F00F03C7F856
:10DD4000D830D7F8D830002B0FD1D7F8E43003F013
:10DD50002003002B09D0D7F8E03003F02003002B7C
:10DD600003D0786800F0A4FC73E2D7F8D830002B19
:10DD700000F0DE80D7F8DC3003F00103002B06D181
:10DD8000D7F8E03003F49073002B00F0D180D7F87F
:10DD9000E43003F00103002B0BD0D7F8E03003F49C
:10DDA0008073002B05D07B685B6C43F001027B68BD
:10DDB0005A64D7F8E43003F00403002B0BD0D7F8F3
:10DDC000DC3003F00103002B05D07B685B6C43F073
:10DDD00002027B685A64D7F8E43003F00203002B98
:10DDE0000BD0D7F8DC3003F00103002B05D07B68A3
:10DDF0005B6C43F004027B685A64D7F8E43003F0AC
:10DE00000803002B11D0D7F8E03003F02003002BDB
:10DE100005D1D7F8DC3003F00103002B05D07B6877
:10DE20005B6C43F008027B685A647B685B6C002B78
:10DE300000F00A82D7F8E43003F02003002B08D06A
:10DE4000D7F8E03003F02003002B02D0786800F010
:10DE50002FFC7B681B685B6903F04003402B0CBF01
:10DE600001230023DBB2C7F8D4307B685B6C03F07E
:10DE70000803002B03D1D7F8D430002B4FD078689B
:10DE800000F03AFB7B681B685B6903F04003402BA2
:10DE900041D17B681B681433C7F89C30D7F89C309D
:10DEA00053E8003FC7F89830D7F8983023F0400384
:10DEB000C7F8D0307B681B681433D7F8D020C7F878
:10DEC000A820C7F8A430D7F8A410D7F8A82041E8B4
:10DED0000023C7F8A030D7F8A030002BD9D17B6839
:10DEE000DB6B002B13D07B68DB6B8A4A1A657B687F
:10DEF000DB6B1846FEF742FF0346002B16D07B680B
:10DF0000DB6B1B6D7A68D26B104698470EE0786821
:10DF100000F0B6F90AE0786800F0B2F906E0786837
:10DF200000F0AEF97B6800225A648DE100BF8BE1FE
:10DF30007B681B6B012B40F06781D7F8E43003F05E
:10DF40001003002B00F06081D7F8E03003F01003DD
:10DF5000002B00F059810023BB607B681B681B68A5
:10DF6000BB607B681B685B68BB60BB687B681B68C9
:10DF70005B6903F04003402B40F0CE807B68DB6B95
:10DF80001B685B68A7F8BE30B7F8BE30002B00F006
:10DF9000A9807B689B8DB7F8BE209A4280F0A28052
:10DFA0007B68B7F8BE20DA857B68DB6BDB69B3F58D
:10DFB000807F00F088807B681B680C33C7F888304E
:10DFC000D7F8883053E8003FC7F88430D7F884305A
:10DFD00023F48073C7F8B8307B681B680C33D7F81C
:10DFE000B820C7F89420C7F89030D7F89010D7F829
:10DFF000942041E80023C7F88C30D7F88C30002BF0
:10E00000D9D17B681B6814337B677B6F53E8003F73
:10E010003B673B6F23F00103C7F8B4307B681B6894
:10E020001433D7F8B420C7F88020FB67F96FD7F80E
:10E03000802041E80023BB67BB6F002BE1D17B68E8
:10E040001B6814333B663B6E53E8003FFB65FB6D7A
:10E0500023F04003C7F8B0307B681B681433D7F84F
:10E06000B020FA66BB66B96EFA6E41E800237B66A3
:10E070007B6E002BE3D17B68202283F842207B68F3
:10E0800000221A637B681B680C33FB64FB6C53E84B
:10E09000003FBB64BB6C23F01003C7F8AC307B6857
:10E0A0001B680C33D7F8AC20BA657B65796DBA6D07
:10E0B00041E800233B653B6D002BE3D17B68DB6BC4
:10E0C0001846FEF7EBFD7B6802225A637B689A8D47
:10E0D0007B68DB8D9BB2D31A9BB21946786800F03F
:10E0E000D9F8B3E07B689B8DB7F8BE209A4240F028
:10E0F000AD807B68DB6BDB69B3F5807F40F0A68089
:10E100007B6802225A637B689B8D1946786800F011
:10E11000C1F89BE0BFE500087B689A8D7B68DB8DCA
:10E120009BB2D31AA7F8CE307B68DB8D9BB2002B55
:10E1300000F08E80B7F8CE30002B00F089807B682D
:10E140001B680C33BB63BB6B53E8003F7B637B6B8B
:10E1500023F49073C7F8C8307B681B680C33D7F87A
:10E16000C8207A643B64396C7A6C41E80023FB6315
:10E17000FB6B002BE3D17B681B6814337B627B6AEB
:10E1800053E8003F3B623B6A23F00103C7F8C43009
:10E190007B681B681433D7F8C4203A63FB62F96AC2
:10E1A0003A6B41E80023BB62BB6A002BE3D17B687A
:10E1B000202283F842207B6800221A637B681B6858
:10E1C0000C333B613B6953E8003FFB60FB6823F085
:10E1D0001003C7F8C0307B681B680C33D7F8C02029
:10E1E000FA61BB61B969FA6941E800237B617B6927
:10E1F000002BE3D17B6802225A63B7F8CE30194670
:10E20000786800F047F823E0D7F8E43003F08003A3
:10E21000002B09D0D7F8E03003F08003002B03D0A7
:10E22000786800F0DDF914E0D7F8E43003F040033B
:10E23000002B0ED0D7F8E03003F04003002B08D0BD
:10E24000786800F01DFA04E000BF02E000BF00E0C3
:10E2500000BFE837BD4680BD80B483B000AF7860B2
:10E2600000BF0C37BD465DF8047B704780B483B0B7
:10E2700000AF786000BF0C37BD465DF8047B704787
:10E2800080B483B000AF786000BF0C37BD465DF846
:10E29000047B704780B483B000AF78600B467B800E
:10E2A00000BF0C37BD465DF8047B704780B590B069
:10E2B00000AF78607B689B6BFB637B681B681B68A7
:10E2C00003F48073002B37D1FB6B0022DA84FB6BE5
:10E2D0001B6814337B627B6A53E8003F3B623B6AF6
:10E2E00023F08003BB63FB6B1B681433BA6B3A6388
:10E2F000FB62F96A3A6B41E80023BB62BB6A002B00
:10E30000E5D1FB6B1B680C333B613B6953E8003F75
:10E31000FB60FB6843F040037B63FB6B1B680C33C3
:10E320007A6BFA61BB61B969FA6941E800237B61E4
:10E330007B69002BE5D102E0F86B04F03FF800BFE9
:10E340004037BD4680BD80B584B000AF78607B6843
:10E350009B6BFB60F868FFF77FFF00BF1037BD467F
:10E3600080BD80B584B000AF78600023FB607B681F
:10E370009B6BBB60BB681B685B6903F08003802BF1
:10E380000CBF01230023DBB2FB60BB6893F8413074
:10E39000DBB2212B08D1FB68002B05D0BB68002223
:10E3A000DA84B86800F080F8BB681B685B6903F02A
:10E3B0004003402B0CBF01230023DBB2FB60BB6892
:10E3C00093F84230DBB2222B08D1FB68002B05D03A
:10E3D000BB680022DA85B86800F08EF8BB685B6C19
:10E3E00043F01002BB685A64B868FFF749FF00BFEA
:10E3F0001037BD4680BD80B586B000AFF860B9600B
:10E400003B601346FB713BE03B6AB3F1FF3F37D003
:10E41000FFF7A8F802463B68D31A3A6A9A4202D339
:10E420003B6A002B01D103233AE0FB681B68DB68E1
:10E4300003F00403002B23D0BB68802B20D0BB68E3
:10E44000402B1DD0FB681B681B6803F00803082BDA
:10E4500016D100237B61FB681B681B687B61FB682E
:10E460001B685B687B617B69F86800F045F8FB68B6
:10E4700008225A64FB68002283F8402001230FE041
:10E48000FB681B681A68BB681340BA689A420CBFE5
:10E4900001230023DBB21A46FB799A42B4D0002351
:10E4A00018461837BD4680BD80B489B000AF78608B
:10E4B0007B681B680C33FB60FB6853E8003FBB6064
:10E4C000BB6823F0C003FB617B681B680C33FA69EF
:10E4D000BA617B617969BA6941E800233B613B69B4
:10E4E000002BE5D17B68202283F8412000BF243730
:10E4F000BD465DF8047B704780B495B000AF78608E
:10E500007B681B680C337B637B6B53E8003F3B638A
:10E510003B6B23F49073FB647B681B680C33FA6CD1
:10E520003A64FB63F96B3A6C41E80023BB63BB6B55
:10E53000002BE5D17B681B6814333B623B6A53E8D0
:10E54000003FFB61FB6923F00103BB647B681B6830
:10E550001433BA6CFA62BB62B96AFA6A41E8002302
:10E560007B627B6A002BE5D17B681B6B012B19D189
:10E570007B681B680C33FB60FB6853E8003FBB60A3
:10E58000BB6823F010037B647B681B680C337A6CD8
:10E59000BA617B617969BA6941E800233B613B69F3
:10E5A000002BE5D17B68202283F842207B68002283
:10E5B0001A6300BF5437BD465DF8047B704780B5D1
:10E5C00084B000AF78607B689B6BFB60FB680022C7
:10E5D000DA85F868FFF754FE00BF1037BD4680BDEE
:10E5E00080B485B000AF78607B6893F84130DBB2CF
:10E5F000212B3ED17B689B68B3F5805F14D17B688B
:10E600001B69002B10D17B681B6AFB60FB681B88B1
:10E610001A467B681B68C2F308025A607B681B6A53
:10E620009A1C7B681A6208E07B681B6A591C7A682E
:10E6300011621A787B681B685A607B68DB8C9BB21E
:10E64000013B9BB27A681946D184002B0FD17B68BD
:10E650001B68DA687B681B6822F08002DA607B68DE
:10E660001B68DA687B681B6842F04002DA600023AE
:10E6700000E0022318461437BD465DF8047B70475E
:10E6800080B582B000AF78607B681B68DA687B6811
:10E690001B6822F04002DA607B68202283F8412068
:10E6A000786803F08BFE002318460837BD4680BD0E
:10E6B00080B58CB000AF78600023FB620023BB62A2
:10E6C0007B6893F84230DBB2222B40F0AA807B6853
:10E6D0009B68B3F5805F15D17B681B69002B11D156
:10E6E0007B689B6ABB627B681B685B689BB2C3F3F9
:10E6F00008039AB2BB6A1A807B689B6A9A1C7B6883
:10E700009A6224E07B689B6AFB627B689B68B3F536
:10E71000805F07D07B689B68002B0AD17B681B69F0
:10E72000002B06D17B681B685B68DAB2FB6A1A7043
:10E7300008E07B681B685B68DBB203F07F03DAB23A
:10E74000FB6A1A707B689B6A5A1C7B689A627B68BA
:10E75000DB8D9BB2013B9BB27A681946D185002BB9
:10E760005DD17B681B68DA687B681B6822F0200239
:10E77000DA607B681B68DA687B681B6822F4807249
:10E78000DA607B681B685A697B681B6822F00102AB
:10E790005A617B68202283F842207B6800225A63FA
:10E7A0007B681B6B012B35D17B6800221A637B6869
:10E7B0001B680C337B617B6953E8003F3B613B691D
:10E7C00023F010037B627B681B680C337A6A3A6221
:10E7D000FB61F9693A6A41E80023BB61BB69002B20
:10E7E000E5D17B681B681B6803F01003102B0AD16E
:10E7F0000023FB607B681B681B68FB607B681B68F1
:10E800005B68FB60FB687B689B8D19467868FFF747
:10E8100041FD02E07868FFF729FD002302E00023B4
:10E8200000E0022318463037BD4680BD2DE9B04FC9
:10E83000C0B000AFC7F8F400D7F8F4301B681B690C
:10E8400023F44050D7F8F430D968D7F8F4301A6878
:10E8500040EA01031361D7F8F4309A68D7F8F4302E
:10E860001B691A43D7F8F4305B691A43D7F8F430C0
:10E87000DB691343C7F8F830D7F8F4301B68DB685E
:10E8800023F4164121F00C01D7F8F4301A68D7F8B8
:10E89000F8300B43D360D7F8F4301B685B6923F47E
:10E8A0004070D7F8F4309969D7F8F4301A6840EA24
:10E8B00001035361D7F8F4301A688F4B9A4205D0A0
:10E8C000D7F8F4301A688D4B9A4204D1FDF78AFECE
:10E8D000C7F8FC0003E0FDF771FEC7F8FC00D7F8AD
:10E8E000F430DB69B3F5004F40F00C81D7F8FC3011
:10E8F0000022C7F8E830C7F8EC20D7E93A452246AD
:10E900002B469118B9655B41FB65D7E91623214673
:10E9100012EB0108294643EB01094FF000024FF0CA
:10E9200000034FEAC90343EA58734FEAC80290460E
:10E930009946234618EB0303C7F8E0302B4649EB12
:10E940000303C7F8E430D7F8F4305B680022C7F857
:10E95000D830C7F8DC20D7E936120B46DB183B6508
:10E96000134642EB03037B65D7E91423D7E938014B
:10E97000F9F76AFC02460B46614BA3FB02235B09D5
:10E980001C01D7F8FC300022C7F8D030C7F8D420DB
:10E99000D7E9348942464B469118B9645B41FB6420
:10E9A000D7E91223414612EB010A494643EB010B1A
:10E9B0004FF000024FF000034FEACB0343EA5A73D3
:10E9C0004FEACA0292469B4643461AEB0303C7F836
:10E9D000C8304B464BEB0303C7F8CC30D7F8F430C4
:10E9E0005B680022C7F8C030C7F8C420D7E93012EE
:10E9F0000B46DB183B64134642EB03037B64D7E909
:10EA00001023D7E93201F9F71FFC02460B461146E5
:10EA10003B4BA3FB01235B09642202FB03F3CB1AEC
:10EA2000DB0003F13202364BA3FB02235B095B00E0
:10EA300003F4F8731C44D7F8FC300022C7F8B83050
:10EA4000C7F8BC20D7E92E8942464B469118B963D6
:10EA50005B41FB63D7E90E234146511839634946B0
:10EA60004B417B634FF000024FF00003D7E90CAB42
:10EA70005946CB00514643EA51735146CA001046ED
:10EA80001946034642469B18C7F8B0304B460A4623
:10EA900042EB0303C7F8B430D7F8F4305B680022C8
:10EAA000C7F8A830C7F8AC20D7E92A120B46DB1804
:10EAB000BB62134642EB0303FB62D7E90A23D7E9A3
:10EAC0002C01F9F7C1FB02460B460D4BA3FB0213C9
:10EAD0005B09642101FB03F3D31ADB003233084ADC
:10EAE000A2FB03235B0903F00702D7F8F4301B688D
:10EAF00022449A6006E100BF00100140001401406A
:10EB00001F85EB51D7F8FC300022C7F8A030C7F8BA
:10EB1000A420D7E9288942464B46911839625B41C7
:10EB20007B62D7E9082341465418494643EB010567
:10EB30004FF000024FF00003EB0043EA5473E20091
:10EB400014461D464346E318C7F898304B4645EB3C
:10EB50000303C7F89C30D7F8F4305B680022C7F88D
:10EB60009030C7F894204FF000024FF00003D7E92F
:10EB7000244529468B00214643EA917321468A00A9
:10EB8000D7E92601F9F760FB02460B46604BA3FB71
:10EB900002235B091C01D7F8FC300022C7F888303B
:10EBA000C7F88C20D7E9228942464B469118B961B3
:10EBB0005B41FB61D7E9062341465118396149465B
:10EBC0004B417B614FF000024FF00003D7E904ABEB
:10EBD0005946CB00514643EA51735146CA0010468C
:10EBE0001946034642469B18C7F880304B460A46F2
:10EBF00042EB0303C7F88430D7F8F4305B68002297
:10EC0000BB67FA674FF000024FF00003D7E91E8997
:10EC100049468B00414643EA917341468A00D7E951
:10EC20002001F9F711FB02460B461146384BA3FBB6
:10EC300001235B09642202FB03F3CB1A1B0132336D
:10EC4000334AA2FB03235B0903F0F0031C44D7F80B
:10EC5000FC3000223B677A67D7E91C8942464B4665
:10EC60009118B9605B41FB60D7E902234146511816
:10EC7000396049464B417B604FF000024FF0000382
:10EC8000D7E900AB5946CB00514643EA5173514690
:10EC9000CA0010461946034642469B18BB664B46BF
:10ECA0000A4642EB0303FB66D7F8F4305B680022A8
:10ECB0003B667A664FF000024FF00003D7E91889EF
:10ECC00049468B00414643EA917341468A00D7E9A1
:10ECD0001A01F9F7B9FA02460B460D4BA3FB0213D2
:10ECE0005B09642101FB03F3D31A1B013233084A89
:10ECF000A2FB03235B0903F00F02D7F8F4301B6873
:10ED000022449A6000BF07F58077BD46BDE8B08F0A
:10ED10001F85EB5180B483B000AF78607B6803F14E
:10ED200008027B685A607B684FF0FF329A607B680C
:10ED300003F108027B68DA607B6803F108027B68F4
:10ED40001A617B6800221A6000BF0C37BD465DF86F
:10ED5000047B704780B483B000AF78607B6800228A
:10ED60001A6100BF0C37BD465DF8047B704780B464
:10ED700085B000AF786039607B685B68FB603B689A
:10ED8000FA685A60FB689A683B689A60FB689B68FF
:10ED90003A685A60FB683A689A603B687A681A6118
:10EDA0007B681B685A1C7B681A6000BF1437BD461D
:10EDB0005DF8047B704780B485B000AF786039603F
:10EDC0003B681B68BB60BB68B3F1FF3F03D17B6846
:10EDD0001B69FB600CE07B680833FB6002E0FB68AA
:10EDE0005B68FB60FB685B681B68BA689A42F6D296
:10EDF000FB685A683B685A603B685B683A689A608F
:10EE00003B68FA689A60FB683A685A603B687A68BF
:10EE10001A617B681B685A1C7B681A6000BF143734
:10EE2000BD465DF8047B704780B485B000AF786064
:10EE30007B681B69FB607B685B687A6892689A6094
:10EE40007B689B687A6852685A60FB685B687A687E
:10EE50009A4203D17B689A68FB685A607B680022FB
:10EE60001A61FB681B685A1EFB681A60FB681B6806
:10EE700018461437BD465DF8047B704780B584B0F2
:10EE800000AF786039607B68FB60FB68002B0BD1BA
:10EE90004FF0500383F31188BFF36F8FBFF34F8F91
:10EEA000BB6000BF00BFFDE703F066F9FB681A68AE
:10EEB000FB68DB6BF968096C01FB03F31A44FB6820
:10EEC0009A60FB6800229A63FB681A68FB685A60C4
:10EED000FB681A68FB68DB6B013BF968096C01FB96
:10EEE00003F31A44FB68DA60FB68FF2283F84420CE
:10EEF000FB68FF2283F845203B68002B14D1FB6898
:10EF00001B69002B1AD0FB681033184601F076FC01
:10EF10000346002B12D00D4B4FF080521A60BFF306
:10EF20004F8FBFF36F8F09E0FB6810331846FFF770
:10EF3000F1FEFB6824331846FFF7ECFE03F04EF9B0
:10EF4000012318461037BD4680BD00BF04ED00E028
:10EF500080B58EB002AFF860B9607A603B60FB6844
:10EF6000002B0BD14FF0500383F31188BFF36F8F49
:10EF7000BFF34F8FBB6200BF00BFFDE73B68002BB4
:10EF80000BD14FF0500383F31188BFF36F8FBFF3A2
:10EF90004F8F7B6200BF00BFFDE77B68002B02D074
:10EFA000BB68002B01D0012300E00023002B0BD114
:10EFB0004FF0500383F31188BFF36F8FBFF34F8F70
:10EFC0003B6200BF00BFFDE77B68002B02D1BB683E
:10EFD000002B01D1012300E00023002B0BD14FF0C7
:10EFE000500383F31188BFF36F8FBFF34F8FFB6123
:10EFF00000BF00BFFDE750237B617B69502B0BD026
:10F000004FF0500383F31188BFF36F8FBFF34F8F1F
:10F01000BB6100BF00BFFDE77B693B68FB62FB6A29
:10F02000002B0DD0FB6A012283F8462097F8382088
:10F03000FB6A009313467A68B968F86800F040F8F4
:10F04000FB6A18463037BD4680BD80B58AB002AF36
:10F05000F860B9601346FB71FB68002B0BD14FF0D1
:10F06000500383F31188BFF36F8FBFF34F8F3B6162
:10F0700000BF00BFFDE7FB68BA6802FB03F3FB615A
:10F08000FB695033184602F059FDB861BB69002B8B
:10F0900011D0BB697B617B6950337B61BB69002206
:10F0A00083F84620FA79BB69009313467A69B968F8
:10F0B000F86800F005F8BB6918462037BD4680BDEA
:10F0C00080B584B000AFF860B9607A60FB70BB684F
:10F0D000002B03D1BB69BA691A6002E0BB697A6888
:10F0E0001A60BB69FA68DA63BB69BA681A640121FD
:10F0F000B869FFF7C3FEBB69FA7883F84C2000BFFC
:10F100001037BD4680BD80B58AB002AFF860B960E7
:10F110007A60FB68002B0BD14FF0500383F311880A
:10F12000BFF36F8FBFF34F8FBB6100BF00BFFDE721
:10F13000BA68FB689A420BD94FF0500383F31188E9
:10F14000BFF36F8FBFF34F8F7B6100BF00BFFDE741
:10F15000022300937B6800220021F868FFF7F8FE85
:10F16000F861FB69002B02D0FB69BA689A63FB69FE
:10F1700018462037BD4680BD80B586B000AF7860A8
:10F1800039607B68002B0BD14FF0500383F311885B
:10F19000BFF36F8FBFF34F8F3B6100BF00BFFDE731
:10F1A0003A687B689A420BD94FF0500383F3118879
:10F1B000BFF36F8FBFF34F8FFB6000BF00BFFDE752
:10F1C000022200217868FFF740FF78617B69002BFD
:10F1D00002D07B693A689A637B6918461837BD4646
:10F1E00080BD000080B58EB000AFF860B9607A6075
:10F1F0003B6000237B63FB683B633B6B002B0BD1C5
:10F200004FF0500383F31188BFF36F8FBFF34F8F1D
:10F21000BB6200BF00BFFDE7BB68002B03D13B6BA7
:10F220001B6C002B01D1012300E00023002B0BD12C
:10F230004FF0500383F31188BFF36F8FBFF34F8FED
:10F240007B6200BF00BFFDE73B68022B03D13B6B35
:10F25000DB6B012B01D1012300E00023002B0BD13C
:10F260004FF0500383F31188BFF36F8FBFF34F8FBD
:10F270003B6200BF00BFFDE701F080FC0346002BAE
:10F2800002D17B68002B01D1012300E00023002B79
:10F290000BD14FF0500383F31188BFF36F8FBFF38F
:10F2A0004F8FFB6100BF00BFFDE702F065FF3B6BC6
:10F2B0009A6B3B6BDB6B9A4202D33B68022B29D1E2
:10F2C0003A68B968386B00F06DFCF8623B6B5B6ABA
:10F2D000002B10D03B6B2433184601F08FFA034605
:10F2E000002B13D03F4B4FF080521A60BFF34F8F6B
:10F2F000BFF36F8F0AE0FB6A002B07D0394B4FF04A
:10F3000080521A60BFF34F8FBFF36F8F02F066FF1A
:10F31000012363E07B68002B03D102F05FFF002331
:10F320005CE07B6B002B06D107F11403184601F05B
:10F33000C9FA01237B6302F051FF01F00FF802F0DC
:10F340001BFF3B6B93F844305BB2B3F1FF3F03D13B
:10F350003B6B002283F844203B6B93F845305BB253
:10F36000B3F1FF3F03D13B6B002283F8452002F04D
:10F3700035FF3A1D07F114031146184601F0B8FA9B
:10F380000346002B24D1386B00F004FD0346002B0C
:10F3900018D03B6B10337A681146184601F0DCF93F
:10F3A000386B00F08FFC00F0E7FF0346002B7FF482
:10F3B0007CAF0C4B4FF080521A60BFF34F8FBFF3FE
:10F3C0006F8F72E7386B00F07DFC00F0D5FF6CE7C3
:10F3D000386B00F077FC00F0CFFF00231846383779
:10F3E000BD4680BD04ED00E080B590B000AFF86090
:10F3F000B9607A603B60FB68BB63BB6B002B0BD1D1
:10F400004FF0500383F31188BFF36F8FBFF34F8F1B
:10F41000BB6200BF00BFFDE7BB68002B03D1BB6B25
:10F420001B6C002B01D1012300E00023002B0BD12A
:10F430004FF0500383F31188BFF36F8FBFF34F8FEB
:10F440007B6200BF00BFFDE73B68022B03D1BB6BB3
:10F45000DB6B012B01D1012300E00023002B0BD13A
:10F460004FF0500383F31188BFF36F8FBFF34F8FBB
:10F470003B6200BF00BFFDE702F05EFFEFF31182C9
:10F480004FF0500383F31188BFF36F8FBFF34F8F9B
:10F49000FA61BB61FB697B63BB6B9A6BBB6BDB6B1C
:10F4A0009A4202D33B68022B2FD1BB6B93F84530B5
:10F4B00087F83330BB6B9B6BFB623A68B968B86BFB
:10F4C00000F070FB97F93330B3F1FF3F12D1BB6B03
:10F4D0005B6A002B16D0BB6B2433184601F08EF903
:10F4E0000346002B0ED07B68002B0BD07B680122DB
:10F4F0001A6007E097F833300133DBB25AB2BB6BC6
:10F5000083F845200123FB6301E00023FB637B6B51
:10F510007B617B6983F3118800BFFB6B1846403722
:10F52000BD4680BD80B58EB000AF786039607B6825
:10F530003B633B6B002B0BD14FF0500383F31188DF
:10F54000BFF36F8FBFF34F8F3B6200BF00BFFDE77C
:10F550003B6B1B6C002B0BD04FF0500383F31188D7
:10F56000BFF36F8FBFF34F8FFB6100BF00BFFDE79D
:10F570003B6B1B68002B03D13B6B9B68002B01D1BD
:10F58000012300E00023002B0BD14FF0500383F345
:10F590001188BFF36F8FBFF34F8FBB6100BF00BFF8
:10F5A000FDE702F0C9FEEFF311824FF0500383F341
:10F5B0001188BFF36F8FBFF34F8F7A613B617B6917
:10F5C000FB623B6B9B6BBB623B6BDB6BBA6A9A4229
:10F5D0002BD23B6B93F8453087F82730BB6A5A1C17
:10F5E0003B6B9A6397F92730B3F1FF3F12D13B6B26
:10F5F0005B6A002B16D03B6B2433184601F0FEF8F3
:10F600000346002B0ED03B68002B0BD03B68012239
:10F610001A6007E097F827300133DBB25AB23B6B30
:10F6200083F8452001237B6301E000237B63FB6AB1
:10F63000FB60FB6883F3118800BF7B6B184638378B
:10F64000BD4680BD80B58CB000AFF860B9607A600F
:10F650000023FB62FB68BB62BB6A002B0BD14FF03F
:10F66000500383F31188BFF36F8FBFF34F8F3B625B
:10F6700000BF00BFFDE7BB68002B03D1BB6A1B6C5A
:10F68000002B01D1012300E00023002B0BD14FF010
:10F69000500383F31188BFF36F8FBFF34F8FFB616C
:10F6A00000BF00BFFDE701F069FA0346002B02D15D
:10F6B0007B68002B01D1012300E00023002B0BD13C
:10F6C0004FF0500383F31188BFF36F8FBFF34F8F59
:10F6D000BB6100BF00BFFDE702F04EFDBB6A9B6B44
:10F6E0007B627B6A002B1FD0B968B86A00F0C4FA4D
:10F6F0007B6A5A1EBB6A9A63BB6A1B69002B0FD0D8
:10F70000BB6A1033184601F079F80346002B07D086
:10F710003C4B4FF080521A60BFF34F8FBFF36F8F97
:10F7200002F05CFD012369E07B68002B03D102F04D
:10F7300055FD002362E0FB6A002B06D107F11003A0
:10F74000184601F0BFF80123FB6202F047FD00F00C
:10F7500005FE02F011FDBB6A93F844305BB2B3F1D1
:10F76000FF3F03D1BB6A002283F84420BB6A93F8B1
:10F7700045305BB2B3F1FF3F03D1BB6A002283F88F
:10F78000452002F02BFD3A1D07F1100311461846E3
:10F7900001F0AEF80346002B23D1B86A00F0E4FA7A
:10F7A0000346002B17D0BB6A24337A6811461846EB
:10F7B00000F0D2FFB86A00F085FA00F0DDFD0346E4
:10F7C000002B89D10F4B4FF080521A60BFF34F8F3F
:10F7D000BFF36F8F80E7B86A00F074FA00F0CCFDD9
:10F7E0007AE7B86A00F06EFA00F0C6FDB86A00F079
:10F7F000BBFA0346002B3FF46FAF002318463037A7
:10F80000BD4680BD04ED00E080B58EB000AF7860ED
:10F81000396000237B637B68FB6200233B63FB6AE8
:10F82000002B0BD14FF0500383F31188BFF36F8F80
:10F83000BFF34F8F3B6200BF00BFFDE7FB6A1B6C4D
:10F84000002B0BD04FF0500383F31188BFF36F8F61
:10F85000BFF34F8FFB6100BF00BFFDE701F08EF9E2
:10F860000346002B02D13B68002B01D1012300E0AD
:10F870000023002B0BD14FF0500383F31188BFF30B
:10F880006F8FBFF34F8FBB6100BF00BFFDE702F07A
:10F8900073FCFB6A9B6BBB62BB6A002B24D0BB6A08
:10F8A0005A1EFB6A9A63FB6A1B68002B04D101F0A5
:10F8B000DFFA0246FB6A9A60FB6A1B69002B0FD0D5
:10F8C000FB6A1033184600F099FF0346002B07D05F
:10F8D000544B4FF080521A60BFF34F8FBFF36F8FBE
:10F8E00002F07CFC012398E03B68002B12D13B6BBB
:10F8F000002B0BD04FF0500383F31188BFF36F8FB1
:10F90000BFF34F8F7B6100BF00BFFDE702F066FCD5
:10F91000002382E07B6B002B06D107F10C03184615
:10F9200000F0D0FF01237B6302F058FC00F016FDCD
:10F9300002F022FCFB6A93F844305BB2B3F1FF3F64
:10F9400003D1FB6A002283F84420FB6A93F8453018
:10F950005BB2B3F1FF3F03D1FB6A002283F845207D
:10F9600002F03CFC3A4607F10C031146184600F041
:10F97000BFFF0346002B32D1F86A00F0F5F90346C9
:10F98000002B26D0FB6A1B68002B09D102F0F4FB88
:10F99000FB6A9B68184601F00FF9386302F01EFC01
:10F9A000FB6A24333A681146184600F0D5FEF86A1F
:10F9B00000F088F900F0E0FC0346002B7FF467AF0D
:10F9C000184B4FF080521A60BFF34F8FBFF36F8F09
:10F9D0005DE7F86A00F076F900F0CEFC57E7F86AC8
:10F9E00000F070F900F0C8FCF86A00F0BDF90346B9
:10F9F000002B3FF44CAF3B6B002B0DD002F0BCFB57
:10FA0000F86A00F0B7F87862FB6A9B68796A184672
:10FA100001F0AAF902F0E2FB002318463837BD4690
:10FA200080BD00BF04ED00E080B58EB000AFF8608F
:10FA3000B9607A60FB683B633B6B002B0BD14FF0E6
:10FA4000500383F31188BFF36F8FBFF34F8F3B6277
:10FA500000BF00BFFDE7BB68002B03D13B6B1B6CF5
:10FA6000002B01D1012300E00023002B0BD14FF02C
:10FA7000500383F31188BFF36F8FBFF34F8FFB6188
:10FA800000BF00BFFDE702F057FCEFF311824FF01B
:10FA9000500383F31188BFF36F8FBFF34F8FBA61A9
:10FAA0007B61BB69FB623B6B9B6BBB62BB6A002BE0
:10FAB0002FD03B6B93F8443087F82730B968386B08
:10FAC00000F0DAF8BB6A5A1E3B6B9A6397F927304D
:10FAD000B3F1FF3F12D13B6B1B69002B16D03B6B80
:10FAE0001033184600F08AFE0346002B0ED07B68C8
:10FAF000002B0BD07B6801221A6007E097F82730B3
:10FB00000133DBB25AB23B6B83F8442001237B63A1
:10FB100001E000237B63FB6A3B613B6983F311884F
:10FB200000BF7B6B18463837BD4680BD80B584B0BA
:10FB300000AF78607B68FB60FB68002B0BD14FF057
:10FB4000500383F31188BFF36F8FBFF34F8FBB60F8
:10FB500000BF00BFFDE7F86800F05EF9FB6893F8AE
:10FB60004630002B02D1F86802F0B6F800BF10371B
:10FB7000BD4680BD80B485B000AF78607B685B6AAD
:10FB8000002B06D07B681B6B1B68C3F13803FB603E
:10FB900001E00023FB60FB6818461437BD465DF8A2
:10FBA000047B704780B586B000AFF860B9607A60BA
:10FBB00000237B61FB689B6B3B61FB681B6C002B2C
:10FBC0000DD1FB681B68002B4DD1FB689B68184664
:10FBD00001F05AF87861FB6800229A6043E07B6884
:10FBE000002B19D1FB685868FB681B6C1A46B96872
:10FBF000F9F7F8FFFB685A68FB681B6C1A44FB684E
:10FC00005A60FB685A68FB689B689A422BD3FB6872
:10FC10001A68FB685A6026E0FB68D868FB681B6CB2
:10FC20001A46B968F9F7DEFFFB68DA68FB681B6CF7
:10FC30005B421A44FB68DA60FB68DA68FB681B68A1
:10FC40009A4207D2FB689A68FB681B6C5B421A44B5
:10FC5000FB68DA607B68022B05D13B69002B02D080
:10FC60003B69013B3B613B695A1CFB689A637B69BA
:10FC700018461837BD4680BD80B582B000AF7860A9
:10FC800039607B681B6C002B18D07B68DA687B6856
:10FC90001B6C1A447B68DA607B68DA687B689B6857
:10FCA0009A4203D37B681A687B68DA607B68D968FC
:10FCB0007B681B6C1A463868F9F794FF00BF083759
:10FCC000BD4680BD80B584B000AF786002F054FAC4
:10FCD0007B6893F84530FB7311E07B685B6A002B0F
:10FCE00012D07B682433184600F088FD0346002BB1
:10FCF00001D000F061FEFB7B013BDBB2FB7397F9A7
:10FD00000F30002BE9DC00E000BF7B68FF2283F8A6
:10FD1000452002F063FA02F02FFA7B6893F8443032
:10FD2000BB7311E07B681B69002B12D07B6810331A
:10FD3000184600F063FD0346002B01D000F03CFEA6
:10FD4000BB7B013BDBB2BB7397F90E30002BE9DCC8
:10FD500000E000BF7B68FF2283F8442002F03EFAF7
:10FD600000BF1037BD4680BD80B584B000AF78605D
:10FD700002F002FA7B689B6B002B02D10123FB602F
:10FD800001E00023FB6002F029FAFB6818461037F7
:10FD9000BD4680BD80B584B000AF786002F0ECF95C
:10FDA0007B689A6B7B68DB6B9A4202D10123FB6014
:10FDB00001E00023FB6002F011FAFB6818461037DF
:10FDC000BD4680BD80B485B000AF78603960002347
:10FDD000FB6014E00F4AFB6852F83330002B0BD164
:10FDE0000C49FB683A6841F833200A4AFB68DB009B
:10FDF00013447A685A6006E0FB680133FB60FB68D5
:10FE0000072BE7D900BF00BF1437BD465DF8047B60
:10FE1000704700BF0C02002080B485B000AF78604E
:10FE20000023FB6016E0104AFB68DB0013445B68AC
:10FE30007A689A420BD10C4AFB68002142F83310D1
:10FE4000094AFB68DB00134400225A6006E0FB68A5
:10FE50000133FB60FB68072BE5D900BF00BF1437F7
:10FE6000BD465DF8047B70470C02002080B586B06B
:10FE700000AFF860B9607A60FB687B6102F07CF9E2
:10FE80007B6993F844305BB2B3F1FF3F03D17B69E8
:10FE9000002283F844207B6993F845305BB2B3F1CC
:10FEA000FF3F03D17B69002283F8452002F096F9D9
:10FEB0007B699B6B002B06D17B6924337A68B96818
:10FEC000184600F06FFC7869FFF7FCFE00BF18379A
:10FED000BD4680BD80B58EB004AFF860B9607A6071
:10FEE0003B607B6B002B0BD14FF0500383F31188E9
:10FEF000BFF36F8FBFF34F8F3B6200BF00BFFDE7C3
:10FF0000BB6B002B0BD14FF0500383F31188BFF371
:10FF10006F8FBFF34F8FFB6100BF00BFFDE75C2316
:10FF20003B613B695C2B0BD04FF0500383F311888E
:10FF3000BFF36F8FBFF34F8FBB6100BF00BFFDE703
:10FF40003B69BB6B002B1ED07B6B002B1BD0BB6BAC
:10FF50007B627B6A7A6B1A637B6A022283F8592080
:10FF6000002303937B6A029307F1140301933B6B15
:10FF700000933B687A68B968F86800F050F8786ACE
:10FF800000F0DEF801E000237B617B69184628372A
:10FF9000BD4680BD80B58CB004AFF860B9603B60F1
:10FFA0001346FB80FB889B00184601F0C7FD786173
:10FFB0007B69002B0ED05C2001F0C0FDF861FB696D
:10FFC000002B03D0FB697A691A6305E0786901F0B8
:10FFD00083FE01E00023FB61FB69002B17D0FB6966
:10FFE000002283F85920FA8800230393FB690293C7
:10FFF000FB6A0193BB6A00933B68B968F86800F03C
:020000040801F1
:100000000EF8F86900F09CF80123BB6102E04FF0A4
:10001000FF33BB61BB6918462037BD4680BD80B544
:1000200088B000AFF860B9607A603B603B6B186BDA
:100030007B689B001A46A521F9F74EFA3B6B1A6BB9
:100040007B6803F18043013B9B001344BB61BB69A8
:1000500023F00703BB61BB6903F00703002B0BD040
:100060004FF0500383F31188BFF36F8FBFF34F8FAF
:100070007B6100BF00BFFDE7BB68002B1FD00023E2
:10008000FB6112E0BA68FB69134419783A6BFB69AB
:10009000134434330A461A70BA68FB6913441B7858
:1000A000002B06D0FB690133FB61FB690F2BE9D9FB
:1000B00000E000BF3B6B002283F8432003E03B6B72
:1000C000002283F83420BB6A372B01D93723BB6267
:1000D0003B6BBA6ADA623B6BBA6ADA643B6B00224A
:1000E0001A653B6B04331846FEF734FE3B6B18333E
:1000F0001846FEF72FFE3B6B3A6B1A61BB6AC3F1E1
:1001000038023B6B9A613B6B3A6B5A623B6B002245
:100110005A653B6B002283F858203A68F968B86941
:1001200001F0FAFE02463B6B1A60FB6A002B02D01C
:10013000FB6A3A6B1A6000BF2037BD4680BD0000E5
:1001400080B582B000AF786002F016F82D4B1B68C6
:1001500001332C4A13602C4B1B68002B09D12A4A0F
:100160007B681360274B1B68012B10D100F048FC03
:100170000DE0264B1B68002B09D1234B1B68DA6A64
:100180007B68DB6A9A4202D81F4A7B681360204B67
:100190001B6801331E4A13601D4B1A687B685A6442
:1001A0007B68DA6A1B4B1B689A4203D97B68DB6A5F
:1001B000184A13607B68DA6A13469B0013449B005D
:1001C000154A1A447B68043319461046FEF7CFFDE2
:1001D00002F004F80D4B1B68002B0ED00A4B1B6875
:1001E000DA6A7B68DB6A9A4207D20C4B4FF0805286
:1001F0001A60BFF34F8FBFF36F8F00BF0837BD4644
:1002000080BD00BF200700204C0200202C070020EA
:100210003C070020280700205002002004ED00E0E9
:1002200080B584B000AF78600023FB607B68002B52
:1002300018D0144B1B68002B0BD04FF0500383F3E6
:100240001188BFF36F8FBFF34F8FBB6000BF00BF3C
:10025000FDE700F083F80021786800F01DFE00F053
:100260008BF8F860FB68002B07D1074B4FF08052EA
:100270001A60BFF34F8FBFF36F8F00BF1037BD46BB
:1002800080BD00BF4807002004ED00E080B58AB0C3
:1002900004AF0023BB6000237B603A46391D07F1A1
:1002A0000803184601F016FC39687B68BA680292A8
:1002B00001930023009300230A4622492248FFF7B6
:1002C00009FE0346214A1360204B1B68002B02D015
:1002D00001237B6101E000237B617B69012B02D15B
:1002E00000F02EFE78617B69012B16D14FF0500390
:1002F00083F31188BFF36F8FBFF34F8F3B6100BF54
:10030000134B4FF0FF321A60124B01221A60124B4E
:1003100000221A6001F08CFE0FE07B69B3F1FF3F11
:100320000BD14FF0500383F31188BFF36F8FBFF3EE
:100330004F8FFB6000BF00BFFDE700BF1837BD4611
:1003400080BD00BFE44F0108D10901084407002027
:10035000400700202C0700202407002080B400AFB5
:10036000044B1B680133034A136000BFBD465DF8B0
:10037000047B70474807002080B584B000AF00239D
:10038000FB600023BB60424B1B68002B0BD14FF07E
:10039000500383F31188BFF36F8FBFF34F8F3B6020
:1003A00000BF00BFFDE701F0E7FE394B1B68013BD2
:1003B000374A1360364B1B68002B62D1354B1B68E4
:1003C000002B5ED02FE0344BDB68DB68FB60FB6802
:1003D00018331846FEF728FDFB6804331846FEF76D
:1003E00023FDFB68DA6A2D4B1B689A4203D9FB6830
:1003F000DB6A2A4A1360FB68DA6A13469B001344DF
:100400009B00274A1A44FB68043319461046FEF73E
:10041000AEFCFB68DA6A234B1B68DB6A9A4202D3A4
:10042000214B01221A601C4B1B68002BCBD1FB68AF
:10043000002B01D000F082FB1C4B1B687B607B68AB
:10044000002B10D000F058F80346002B02D0164BBA
:1004500001221A607B68013B7B607B68002BF1D135
:10046000124B00221A60104B1B68002B09D001238D
:10047000BB600F4B4FF080521A60BFF34F8FBFF33A
:100480006F8F01F0ABFEBB6818461037BD4680BDCC
:100490004807002020070020E00600202807002051
:1004A000500200204C0200203407002030070020BA
:1004B00004ED00E080B483B000AF054B1B687B60A7
:1004C0007B6818460C37BD465DF8047B704700BF5B
:1004D0002407002080B582B000AF01F02DFF00237B
:1004E0007B60044B1B683B603B6818460837BD4681
:1004F00080BD00BF2407002080B586B000AF002378
:100500007B61484B1B68002B40F08280464B1B6888
:1005100001333B61444A3B6913603B69002B21D1A5
:10052000424B1B681B68002B0BD04FF0500383F32A
:100530001188BFF36F8FBFF34F8F3B6000BF00BFC9
:10054000FDE73A4B1B68FB60394B1B68374A136069
:10055000374AFB681360374B1B680133354A136019
:1005600000F0ECFA344B1B683A699A4249D32F4B9E
:100570001B681B68002B04D12F4B4FF0FF321A6011
:100580003FE02A4B1B68DB68DB68BB60BB685B68CD
:100590007B603A697B689A4203D2274A7B68136082
:1005A0002FE0BB6804331846FEF73EFCBB689B6A2D
:1005B000002B04D0BB6818331846FEF735FCBB6827
:1005C000DA6A1E4B1B689A4203D9BB68DB6A1B4A76
:1005D0001360BB68DA6A13469B0013449B00184AF9
:1005E0001A44BB68043319461046FEF7C0FBBB68CB
:1005F000DA6A144B1B68DB6A9A42B8D301237B6129
:10060000B5E7114B1B68002B07D001237B6104E089
:100610000E4B1B6801330D4A13607B69184618376F
:10062000BD4680BD4807002024070020D8060020D2
:10063000DC060020380700204007002028070020A3
:10064000500200204C020020340700203007002018
:1006500080B586B000AF3B4B1B68002B03D03A4BF4
:1006600001221A6069E0384B00221A60374B1B6880
:100670001B6B3B614FF0A533FB603B691B68FA685D
:100680009A4211D13B6904331B68FA689A420BD134
:100690003B6908331B68FA689A4205D13B690C3301
:1006A0001B68FA689A4208D0284B1A68274B1B68C7
:1006B00034331946104602F083F9254B1B687B61E1
:1006C00011E07B69002B0BD14FF0500383F31188AD
:1006D000BFF36F8FBFF34F8F7B6000BF00BFFDE79D
:1006E0007B69013B7B611B497A6913469B0013447C
:1006F0009B000B441B68002BE3D07A6913469B00D8
:1007000013449B00134A1344BB60BB685B685A6880
:10071000BB685A60BB685A68BB6808339A4204D108
:10072000BB685B685A68BB685A60BB685B68DB681B
:10073000064A1360064A7B69136000BF1837BD463E
:1007400080BD00BF48070020340700204C02002075
:10075000280700205002002080B584B000AF7860E8
:1007600039607B68002B0BD14FF0500383F3118865
:10077000BFF36F8FBFF34F8FFB6000BF00BFFDE77C
:10078000074B1B68183319467868FEF714FB0121E4
:10079000386800F081FB00BF1037BD4680BD00BF48
:1007A0004C02002080B586B000AFF860B9607A6076
:1007B000FB68002B0BD14FF0500383F31188BFF37C
:1007C0006F8FBFF34F8F7B6100BF00BFFDE70A4B08
:1007D0001B6818331946F868FEF7C9FA7B68002BC6
:1007E00002D04FF0FF33BB607968B86800F054FB6B
:1007F00000BF1837BD4680BD4C02002080B586B0D2
:1008000000AF78607B68DB68DB683B613B69002B8D
:100810000BD14FF0500383F31188BFF36F8FBFF3F9
:100820004F8FFB6000BF00BFFDE73B6918331846E0
:10083000FEF7FAFA1D4B1B68002B1DD13B690433F0
:100840001846FEF7F1FA3B69DA6A194B1B689A42BF
:1008500003D93B69DB6A164A13603B69DA6A1346BF
:100860009B0013449B00134A1A443B690433194606
:100870001046FEF77CFA05E03B69183319460E482E
:10088000FEF775FA3B69DA6A0C4B1B68DB6A9A4221
:1008900005D901237B610A4B01221A6001E0002384
:1008A0007B617B6918461837BD4680BD480700202C
:1008B0002807002050020020E00600204C02002003
:1008C0003407002080B483B000AF7860064B1A680C
:1008D0007B681A60054B1A687B685A6000BF0C374A
:1008E000BD465DF8047B70473807002024070020D0
:1008F00080B588B000AF786039607B68002B0BD181
:100900004FF0500383F31188BFF36F8FBFF34F8F06
:100910003B6100BF00BFFDE73B68002B0BD14FF0F0
:10092000500383F31188BFF36F8FBFF34F8FFB60CA
:1009300000BF00BFFDE701F01FFC1D4B1B68BB6142
:100940007B685B68BA69D31A7B613B681B68B3F14B
:10095000FF3F02D10023FB6123E07B681A68154B3F
:100960001B689A4207D07B685B68BA699A4202D3D7
:100970000123FB6115E03B681B687A699A420BD240
:100980003B681A687B69D21A3B681A607868FFF77F
:1009900099FF0023FB6104E03B6800221A600123F9
:1009A000FB6101F01BFCFB6918462037BD4680BD8A
:1009B000240700203807002080B400AF034B012239
:1009C0001A6000BFBD465DF8047B70473407002005
:1009D00080B582B000AF786000F052F8064B1B681B
:1009E000012BF9D9054B4FF080521A60BFF34F8F9E
:1009F000BFF36F8FF0E700BF5002002004ED00E06E
:100A000080B582B000AF00237B600CE07A681346AB
:100A10009B0013449B00124A13441846FEF77AF9D0
:100A20007B6801337B607B68372BEFD90D48FEF77D
:100A300071F90D48FEF76EF90C48FEF76BF90C489A
:100A4000FEF768F90B48FEF765F90B4B054A1A608B
:100A50000A4B054A1A6000BF0837BD4680BD00BF7B
:100A600050020020B0060020C4060020E00600204E
:100A7000F40600200C070020D8060020DC06002029
:100A800080B582B000AF19E001F076FB104BDB6857
:100A9000DB687B607B6804331846FEF7C5F90D4BB5
:100AA0001B68013B0B4A13600B4B1B68013B0A4A56
:100AB000136001F093FB786800F010F8064B1B6898
:100AC000002BE1D100BF00BF0837BD4680BD00BF8D
:100AD000F4060020200700200807002080B584B01D
:100AE00000AF78607B6893F85930002B08D17B68A1
:100AF0001B6B184601F0F0F8786801F0EDF819E08A
:100B00007B6893F85930012B03D1786801F0E4F841
:100B100010E07B6893F85930022B0BD04FF0500354
:100B200083F31188BFF36F8FBFF34F8FFB6000BF5C
:100B300000BFFDE700BF1037BD4680BD80B483B065
:100B400000AF0C4B1B681B68002B04D10A4B4FF005
:100B5000FF321A6008E0074B1B68DB68DB687B60CC
:100B60007B685B68044A136000BF0C37BD465DF8C4
:100B7000047B7047D80600204007002080B483B073
:100B800000AF0B4B1B68002B02D101237B6008E0F8
:100B9000084B1B68002B02D102237B6001E000237D
:100BA0007B607B6818460C37BD465DF8047B704758
:100BB0002C0700204807002080B584B000AF786083
:100BC0007B68BB600023FB607B68002B51D0BB6857
:100BD000DA6A2A4B1B68DB6A9A4241D2BB689B697E
:100BE000002B06DB254B1B68DB6AC3F13802BB68B0
:100BF0009A61BB685969BB68DA6A13469B00134463
:100C00009B001F4A1344994222D1BB680433184603
:100C1000FEF70AF9194B1B68DA6ABB68DA62BB682F
:100C2000DA6A184B1B689A4203D9BB68DB6A154A1B
:100C30001360BB68DA6A13469B0013449B00104A9A
:100C40001A44BB68043319461046FEF790F804E0D6
:100C50000A4B1B68DA6ABB68DA620123FB6008E0B2
:100C6000BB68DA6C054B1B68DB6A9A4201D2012330
:100C7000FB60FB6818461037BD4680BD4C02002063
:100C8000500200202807002080B586B000AF7860B1
:100C90007B683B6100237B617B68002B58D02F4B26
:100CA0001B683A699A420BD04FF0500383F31188C6
:100CB000BFF36F8FBFF34F8FFB6000BF00BFFDE737
:100CC0003B691B6D002B0BD14FF0500383F3118850
:100CD000BFF36F8FBFF34F8FBB6000BF00BFFDE757
:100CE0003B691B6D5A1E3B691A653B69DA6A3B69B1
:100CF000DB6C9A422CD03B691B6D002B28D13B69E1
:100D000004331846FEF790F83B69DA6C3B69DA6207
:100D10003B69DB6AC3F138023B699A613B69DA6A75
:100D20000F4B1B689A4203D93B69DB6A0C4A13607C
:100D30003B69DA6A13469B0013449B00094A1A4434
:100D40003B69043319461046FEF711F801237B6115
:100D50007B6918461837BD4680BD00BF4C02002095
:100D6000280700205002002080B588B000AF7860CE
:100D700039607B68BB6101237B617B68002B6CD091
:100D8000BB691B6D002B0BD14FF0500383F311880F
:100D9000BFF36F8FBFF34F8FFB6000BF00BFFDE756
:100DA000BB69DB6C3A689A4202D93B68FB6102E09E
:100DB000BB69DB6CFB61BB69DB6AFA699A424CD0A8
:100DC000BB691B6D7A699A4247D1264B1B68BA6989
:100DD0009A420BD14FF0500383F31188BFF36F8F0A
:100DE000BFF34F8FBB6000BF00BFFDE7BB69DB6A8D
:100DF0003B61BB69FA69DA62BB699B69002B04DB62
:100E0000FB69C3F13802BB699A61BB6959693A69E8
:100E100013469B0013449B00134A134499421CD170
:100E2000BB6904331846FDF7FFFFBB69DA6A0F4B55
:100E30001B689A4203D9BB69DB6A0C4A1360BB6921
:100E4000DA6A13469B0013449B00074A1A44BB69A5
:100E5000043319461046FDF78AFF00BF2037BD4610
:100E600080BD00BF4C020020500200202807002057
:100E700080B400AF074B1B68002B04D0054B1B68E8
:100E80001A6D01321A65034B1B681846BD465DF8A2
:100E9000047B70474C02002080B584B000AF7860BE
:100EA0003960214B1B68FB60204B1B6804331846DC
:100EB000FDF7BAFF7B68B3F1FF3F0AD13B68002B17
:100EC00007D01A4B1B68043319461948FDF74FFF2A
:100ED00026E0FA687B681344BB60144B1B68BA6851
:100EE0005A60BA68FB689A4209D2124B1A680F4BD3
:100EF0001B68043319461046FDF75DFF10E00E4BEA
:100F00001A680A4B1B68043319461046FDF753FF55
:100F10000A4B1B68BA689A4202D2084ABB6813603F
:100F200000BF1037BD4680BD240700204C020020C2
:100F30000C070020DC060020D80600204007002017
:100F400080B58AB004AF00237B6100F013FB1D4B1A
:100F50001B68002B21D00023FB600023BB603A1DDF
:100F600007F1080107F10C03184600F0CDFD796880
:100F7000BB68FA68029201930223009300230A4699
:100F800011491248FEF7A6FF0346114A1360104BA1
:100F90001B68002B01D001237B617B69002B0BD1E7
:100FA0004FF0500383F31188BFF36F8FBFF34F8F60
:100FB0003B6100BF00BFFDE77B6918461837BD469F
:100FC00080BD00BF7C070020EC4F01080D11010817
:100FD0008007002080B58AB000AFF860B9607A6001
:100FE0003B6000237B62FB68002B0BD14FF050036A
:100FF00083F31188BFF36F8FBFF34F8F3B6200BF46
:1010000000BFFDE7194B1B68002B2AD0BB683B6172
:101010007B687B61FB68BB61BB68052B18DCFFF755
:10102000ADFD0346022B09D1104B186807F11001E2
:1010300000233A6BFEF7D6F8786212E00B4B186883
:1010400007F1100100230022FEF7CCF8786208E0D7
:10105000064B186807F1100100233A68FEF7C4F93F
:1010600078627B6A18462837BD4680BD7C07002021
:1010700080B588B002AF78603960234B1B68DB68AD
:10108000DB687B617B6904331846FDF7CDFE7B6925
:1010900093F8283003F00403002B23D07B699A696E
:1010A0007B68D1187B683A68786900F0D5F8034608
:1010B000002B20D00023009300237A680021786958
:1010C000FFF788FF38613B69002B14D14FF05003C4
:1010D00083F31188BFF36F8FBFF34F8FFB6000BFA7
:1010E00000BFFDE77B6993F8283023F00103DAB2F3
:1010F0007B6983F828207B691B6A7869984700BF61
:101100001837BD4680BD00BF7407002080B584B08D
:1011100000AF786007F10803184600F059F8F8604E
:10112000BB681946F86800F005F800F0D7F800BF72
:10113000F0E7000080B584B000AF78603960FFF759
:101140000DF907F10803184600F066F8F860BB686F
:10115000002B30D13B68002B0AD17A68FB689A4299
:1011600006D8FFF709F9F9687868FFF781FF24E0EE
:101170003B68002B08D0134B1B681B68002B01D168
:10118000012300E000233B600F4B18687A68FB687E
:10119000D31A3A681946FEF769FEFFF7EDF80346E1
:1011A000002B0AD1094B4FF080521A60BFF34F8FCA
:1011B000BFF36F8F01E0FFF7DFF800BF1037BD46C8
:1011C00080BD00BF780700207C07002004ED00E010
:1011D00080B485B000AF78600E4B1B681B68002B95
:1011E00001D1012200E000227B681A607B681B6845
:1011F000002B05D1074B1B68DB681B68FB6001E017
:101200000023FB60FB6818461437BD465DF8047B7D
:10121000704700BF7407002080B584B000AF7860CD
:10122000FFF748F9F8600B4B1B68FA689A4205D241
:1012300000F03AF97B6801221A6002E07B68002224
:101240001A60044AFB681360FB6818461037BD46F5
:1012500080BD00BF8407002080B586B000AFF86075
:10126000B9607A603B6000237B61FB68BA685A60B2
:10127000FB68FA681A61BA687B689A4212D87A6881
:101280003B68D21AFB689B699A4202D301237B61B7
:101290001BE0104B1A68FB68043319461046FDF733
:1012A0008AFD12E07A683B689A4206D2BA683B68C7
:1012B0009A4202D301237B6107E0074B1A68FB685F
:1012C000043319461046FDF776FD7B69184618373A
:1012D000BD4680BD780700207407002080B58EB021
:1012E00002AFCEE07B68002B19DA3B1D0433FB62B2
:1012F000FB6A002B0BD14FF0500383F31188BFF32F
:101300006F8FBFF34F8FFB6100BF00BFFDE7FB6A2C
:101310001B68FA6A5068FA6A9268114698477B68B7
:10132000002BC0F2AE80FB68BB62BB6A5B69002B1E
:1013300004D0BB6A04331846FDF776FD3B461846D9
:10134000FFF76AFF78627B68092B00F2978001A2A1
:1013500052F823F07D1301087D1301087D13010865
:10136000F313010807140108531401087D13010841
:101370007D130108F313010807140108BB6A93F8F1
:10138000283043F00103DAB2BB6A83F82820BA6838
:10139000BB6A9B69D118BB687A6AB86AFFF75CFFC1
:1013A0000346002B6CD0BB6A1B6AB86A9847BB6ABD
:1013B00093F8283003F00403002B61D0BA68BB6AAD
:1013C0009B691A440023009300230021B86AFFF7A9
:1013D00001FE38623B6A002B52D14FF0500383F379
:1013E0001188BFF36F8FBFF34F8FBB6100BF00BF8A
:1013F000FDE7BB6A93F8283023F00103DAB2BB6A39
:1014000083F828203DE0BB6A93F8283043F00103BD
:10141000DAB2BB6A83F82820BA68BB6A9A61BB6AF1
:101420009B69002B0BD14FF0500383F31188BFF35E
:101430006F8FBFF34F8F7B6100BF00BFFDE7BB6ABB
:101440009A697B6AD1187B6A7A6AB86AFFF704FFE7
:1014500017E0BB6A93F8283003F00203002B03D196
:10146000B86A00F039FC0CE0BB6A93F8283023F02E
:101470000103DAB2BB6A83F8282002E000BF00E073
:1014800000BF084B1B68391D00221846FEF7DAF82A
:101490000346002B7FF426AF00BF00BF3037BD46A8
:1014A00080BD00BF7C07002080B588B002AF49E056
:1014B0002E4B1B68DB681B683B612C4B1B68DB6891
:1014C000DB68FB60FB6804331846FDF7ADFCFB6886
:1014D0001B6AF8689847FB6893F8283003F0040308
:1014E000002B2FD0FB689B693A691344BB60BA6834
:1014F0003B699A420ED9FB68BA685A60FB68FA6881
:101500001A611A4B1A68FB68043319461046FDF736
:1015100052FC17E00023009300233A690021F86889
:10152000FFF758FD78607B68002B0BD14FF050031C
:1015300083F31188BFF36F8FBFF34F8F3B6000BF02
:1015400000BFFDE7094B1B681B68002BB0D1074BA0
:101550001B687B61064B1B68044A1360044A7B6965
:10156000136000BF1837BD4680BD00BF7407002060
:101570007807002080B582B002AF00F0FDFD154B6A
:101580001B68002B20D11448FDF7C4FB1348FDF75E
:10159000C1FB134B104A1A60124B104A1A60002309
:1015A0000093114B114A10210A20FDF7D1FC03468C
:1015B000084A1360074B1B68002B05D0054B1B68BE
:1015C0000B491846FEF7FEFB00F008FE00BFBD46C3
:1015D00080BD00BF7C0700204C0700206007002072
:1015E00074070020780700202808002088070020C2
:1015F000F44F010880B483B000AF03463960FB713B
:1016000097F90730002B0ADB3B68DAB20C4997F9EF
:1016100007301201D2B20B4483F800230AE03B6882
:10162000DAB20849FB7903F00F03043B1201D2B28E
:101630000B441A7600BF0C37BD465DF8047B70473B
:1016400000E100E000ED00E080B500AF054B1B6855
:10165000FFF794FA0346012B01D000F01DFE00BFF6
:1016600080BD00BF10E000E080B500AF00216FF04A
:101670000400FFF7BFFF00BF80BD000080B483B04F
:1016800000AFEFF305833B603B68002B03D06FF0A6
:1016900005037B600CE00A4B1B68002B05D1084B4F
:1016A00001221A6000237B6002E04FF0FF337B6071
:1016B0007B6818460C37BD465DF8047B704700BF59
:1016C0007808002080B582B000AFEFF305833B605F
:1016D0003B68002B03D06FF005037B6010E00B4BE1
:1016E0001B68012B09D1FFF7BFFF084B02221A60CC
:1016F000FEF7CCFD00237B6002E04FF0FF337B6000
:101700007B6818460837BD4680BD00BF78080020BA
:1017100080B582B000AFEFF305833B603B68002BE0
:1017200003D0FEF7D7FE786002E0FEF7C3FE7860D4
:101730007B6818460837BD4680BD80B58EB004AFC3
:10174000F860B9607A6000233B61EFF305837B6149
:101750007B69002B7FD1FB68002B7CD04FF4967304
:101760003B621823FB6100237B624FF0FF33BB61B8
:101770007B68002B45D07B681B68002B02D07B6800
:101780001B687B627B689B69002B02D07B689B692E
:10179000FB61FB69002B08D0FB69382B05D87B68FF
:1017A0005B6803F00103002B01D0002354E07B6849
:1017B0005B69002B03D07B685B699B083B627B689D
:1017C0009B68002B0ED07B68DB685B2B0AD97B689B
:1017D0001B69002B06D07B685B69002B02D00123BC
:1017E000BB6110E07B689B68002B0CD17B68DB68D9
:1017F000002B08D17B681B69002B04D10023BB613F
:1018000001E00023BB61BB69012B10D17B681B6920
:101810007A68926802920193FB690093BB683A6A06
:10182000796AF868FEF756FB03463B6113E0BB6933
:10183000002B10D13B6A9AB207F110030193FB69A8
:101840000093BB68796AF868FEF7A4FB0346012B96
:1018500001D000233B613B6918462837BD4680BD57
:1018600080B584B000AF7860EFF30583BB60BB68E0
:10187000002B03D06FF00503FB6007E00023FB6043
:101880007B68002B02D07868FEF7CAFCFB6818461C
:101890001037BD4680BD80B58AB002AFF860B96030
:1018A0007A600023FB61EFF305833B613B69002B0A
:1018B00075D1FB68002B72D0BA68FB689A426ED86B
:1018C0004FF0FF33BB617B68002B15D07B689B68B2
:1018D000002B06D07B68DB684F2B02D90123BB614C
:1018E0000CE07B689B68002B08D17B68DB68002BD1
:1018F00004D10023BB6101E00023BB61BB69B3F1EC
:10190000FF3F4CD0FB68012B28D1BB69012B0AD1CA
:101910007B689B6803220092002200210120FDF7D2
:1019200017FBF86105E0032200210120FDF78DFB84
:10193000F861FB69002B22D0BB68002B1FD000236D
:1019400000220021F869FDF74DFC0346012B16D05B
:10195000F869FEF7EBF80023FB6110E0BB69012B8F
:1019600008D17B689B681A46B968F868FDF7CBFB1D
:10197000F86104E0B968F868FDF7FEFBF861FB69FF
:10198000002B0CD07B68002B03D07B681B687B612D
:1019900001E000237B617969F869FEF713FAFB69BE
:1019A00018462037BD4680BD80B586B000AF786050
:1019B00039607B683B6100237B613B69002B03D16D
:1019C0006FF003037B6139E0EFF30583FB60FB6895
:1019D000002B22D03B68002B03D06FF003037B6108
:1019E0002CE00023BB6007F108031A460021386988
:1019F000FEF71AF80346012B03D06FF002037B6158
:101A00001CE0BB68002B19D00F4B4FF080521A60BE
:101A1000BFF34F8FBFF36F8F10E039683869FDF760
:101A2000F3FE0346012B09D03B68002B03D06FF077
:101A300001037B6102E06FF002037B617B69184662
:101A40001837BD4680BD00BF04ED00E080B586B00C
:101A500000AF78607B683B6100237B613B69002BB2
:101A600003D16FF003037B612CE0EFF30583FB6090
:101A7000FB68002B1AD00023BB6007F1080319464E
:101A80003869FDF74FFD0346012B03D06FF00203C9
:101A90007B6117E0BB68002B14D00D4B4FF08052D8
:101AA0001A60BFF34F8FBFF36F8F0BE0002300224C
:101AB00000213869FDF796FB0346012B02D06FF039
:101AC00002037B617B6918461837BD4680BD00BFA5
:101AD00004ED00E080B485B000AFF860B9607A60D2
:101AE000FB68074A1A60BB68064A1A607B684FF4B5
:101AF00096721A6000BF1437BD465DF8047B7047CC
:101B00007C080020D808002080B485B000AFF860C1
:101B1000B9607A60FB68074A1A60BB68064A1A60B7
:101B20007B684FF480721A6000BF1437BD465DF8C1
:101B3000047B7047880D0020E40D002080B58AB03A
:101B400000AF78600023FB61FEF708FC5C4B1B686C
:101B5000002B01D100F024F95A4B1A687B6813401E
:101B6000002B40F095807B68002B1ED008227B68FC
:101B700013447B607B6803F00703002B15D07B6860
:101B800023F0070308337B607B6803F00703002B17
:101B90000BD04FF0500383F31188BFF36F8FBFF367
:101BA0004F8F7B6100BF00BFFDE77B68002B6FD0CC
:101BB000454B1B687A689A426AD8444B3B62434B58
:101BC0001B687B6204E07B6A3B627B6A1B687B620A
:101BD0007B6A5B687A689A4203D97B6A1B68002B30
:101BE000F1D1374B1B687A6A9A4251D03B6A1B6825
:101BF00008221344FB617B6A1A683B6A1A607B6A9D
:101C00005A687B68D21A08235B009A4220D97A6A04
:101C10007B681344BB61BB6903F00703002B0BD047
:101C20004FF0500383F31188BFF36F8FBFF34F8FD3
:101C30003B6100BF00BFFDE77B6A5A687B68D21A30
:101C4000BB695A607B6A7A685A60B86900F00AF921
:101C50001D4B1A687B6A5B68D31A1B4A13601A4BC8
:101C60001A681B4B1B689A4203D2174B1B68184A11
:101C700013607B6A5A68134B1B681A437B6A5A606D
:101C80007B6A00221A60134B1B680133114A1360F0
:101C9000FEF772FBFB6903F00703002B0BD04FF03C
:101CA000500383F31188BFF36F8FBFF34F8FFB6037
:101CB00000BF00BFFDE7FB6918462837BD4680BD61
:101CC000ECE1072000E20720F0E10720E4E1072033
:101CD000F4E10720F8E1072080B586B000AF786016
:101CE0007B687B617B68002B4FD008235B427A695D
:101CF00013447B617B693B613B695A68254B1B68D8
:101D00001340002B0BD14FF0500383F31188BFF326
:101D10006F8FBFF34F8FFB6000BF00BFFDE73B69D4
:101D20001B68002B0BD04FF0500383F31188BFF3D7
:101D30006F8FBFF34F8FBB6000BF00BFFDE73B69F4
:101D40005A68144B1B681340002B1ED03B691B685C
:101D5000002B1AD13B695A680E4B1B68DB431A40B3
:101D60003B695A60FEF7FAFA3B695A680A4B1B68EE
:101D70001344094A1360386900F074F8074B1B6874
:101D80000133064A1360FEF7F7FA00BF1837BD4665
:101D900080BD00BF00E20720F0E10720FCE1072042
:101DA00080B485B000AF4FF4FA23BB60274BFB60D3
:101DB000FB6803F00703002B0CD0FB680733FB60C4
:101DC000FB6823F00703FB60BA68FB68D31A1F4A5D
:101DD0001344BB60FB687B601D4A7B6813601C4B2F
:101DE00000225A607B68BA681344FB600822FB68D3
:101DF0009B1AFB60FB6823F00703FB60FB68154A36
:101E00001360144B1B6800225A60124B1B6800229F
:101E10001A607B683B603B68FA68D21A3B685A607C
:101E20000C4B1A683B681A603B685B680A4A13608F
:101E30003B685B68094A1360094B4FF000421A6027
:101E400000BF1437BD465DF8047B7047E4110020E5
:101E5000E4E10720ECE10720F4E10720F0E10720AE
:101E600000E2072080B485B000AF7860284BFB60AB
:101E700002E0FB681B68FB60FB681B687A689A429B
:101E8000F7D8FB68BB60FB685B68BA6813447A6884
:101E90009A4208D1FB685A687B685B681A44FB6801
:101EA0005A60FB687B607B68BB607B685B68BA6874
:101EB0001A44FB681B689A4218D1FB681A68154BD4
:101EC0001B689A420DD07B685A68FB681B685B6888
:101ED0001A447B685A60FB681B681A687B681A6042
:101EE00008E00C4B1A687B681A6003E0FB681A680C
:101EF0007B681A60FA687B689A4202D0FB687A684D
:101F00001A6000BF1437BD465DF8047B704700BF00
:101F1000E4E10720ECE1072080B485B000AFF86071
:101F2000B9607A60FB68043BFB60FB684FF080722D
:101F30001A60FB68043BFB60BB6823F00102FB688E
:101F40001A60FB68043BFB600C4AFB681A60FB6884
:101F5000143BFB607A68FB681A60FB68043BFB601B
:101F6000FB686FF002021A60FB68203BFB60FB68B5
:101F700018461437BD465DF8047B7047811F010881
:101F800080B485B000AF00237B60134B1B68B3F1B6
:101F9000FF3F0BD04FF0500383F31188BFF36F8FD7
:101FA000BFF34F8FFB6000BF00BFFDE74FF0500352
:101FB00083F31188BFF36F8FBFF34F8FBB6000BFF8
:101FC00000BF7B68002BFCD000BF00BF1437BD46AC
:101FD0005DF8047B704700BF68000020000000002F
:101FE000074B19680868B0E8F04F80F30988BFF321
:101FF0006F8F4FF0000080F311887047AFF30080BF
:102000004C02002000BF00BF08480068006880F351
:1020100008884FF0000080F3148862B661B6BFF301
:102020004F8FBFF36F8F00DF00BF00BF08ED00E0F0
:1020300080B586B000AF474B1B68474A93420BD12F
:102040004FF0500383F31188BFF36F8FBFF34F8FAF
:10205000FB6000BF00BFFDE73E4B1B683F4A934259
:102060000BD14FF0500383F31188BFF36F8FBFF391
:102070004F8F3B6100BF00BFFDE7394B7B617B6940
:102080001B78DBB27B607B69FF221A707B691B784F
:10209000DBB2FB70FB78DBB203F05003DAB2314BFA
:1020A0001A70314B07221A6009E02F4B1B68013B65
:1020B0002D4A1360FB78DBB25B00DBB2FB70FB7870
:1020C000DBB203F08003802BEFD0274B1B68C3F1FA
:1020D0000703042B0BD04FF0500383F31188BFF399
:1020E0006F8FBFF34F8FBB6000BF00BFFDE71E4B7C
:1020F0001B681B021C4A13601B4B1B6803F4E06344
:10210000194A13607B68DAB27B691A70174B1B6837
:10211000164A43F470031360144B1B68134A43F0D0
:102120007043136000F0DAF8114B00221A6000F0DF
:10213000F9F8104B1B680F4A43F040431360FFF758
:1021400063FFFEF785FAFFF71BFF002318461837D9
:10215000BD4680BD00ED00E071C20F4170C20F416D
:1021600000E400E004E2072008E2072020ED00E0A0
:102170006800002034EF00E080B483B000AF4FF07F
:10218000500383F31188BFF36F8FBFF34F8F7B60D2
:1021900000BF104B1B6801330E4A13600D4B1B68C8
:1021A000012B10D10C4B1B68DBB2002B0BD04FF076
:1021B000500383F31188BFF36F8FBFF34F8F3B60E2
:1021C00000BF00BFFDE700BF0C37BD465DF8047BD4
:1021D000704700BF6800002004ED00E080B483B0C9
:1021E00000AF124B1B68002B0BD14FF0500383F351
:1021F0001188BFF36F8FBFF34F8F7B6000BF00BFAD
:10220000FDE70A4B1B68013B084A1360074B1B683C
:10221000002B05D100233B603B6883F3118800BF8E
:1022200000BF0C37BD465DF8047B70476800002096
:10223000EFF30980BFF36F8F154B1A681EF0100F74
:1022400008BF20ED108A20E9F04F10602DE9090049
:102250004FF0500080F31188BFF34F8FBFF36F8FA3
:10226000FEF7F6F94FF0000080F3118809BC1968F9
:102270000868B0E8F04F1EF0100F08BFB0EC108AED
:1022800080F30988BFF36F8F704700BFAFF3008002
:102290004C02002000BF00BF80B582B000AF4FF0FD
:1022A000500383F31188BFF36F8FBFF34F8F7B60B1
:1022B00000BFFEF721F90346002B03D0064B4FF079
:1022C00080521A6000233B603B6883F3118800BF93
:1022D00000BF0837BD4680BD04ED00E080B400AF0C
:1022E0000B4B00221A600B4B00221A600A4B1B6832
:1022F0000A4AA2FB03239B09094A013B1360044BD2
:1023000007221A6000BFBD465DF8047B704700BF1E
:1023100010E000E018E000E05C000020D34D621007
:1023200014E000E0DFF80C00016841F47001016086
:10233000704700BF88ED00E080B485B000AFEFF3D8
:102340000583FB60FB680F2B15D9184AFB68134403
:102350001B78FB72164B1B78FA7A9A420BD24FF01D
:10236000500383F31188BFF36F8FBFF34F8F7B60F0
:1023700000BF00BFFDE70F4B1B6803F4E0620E4B8C
:102380001B689A420BD94FF0500383F31188BFF3B7
:102390006F8FBFF34F8F3B6000BF00BFFDE700BFF3
:1023A0001437BD465DF8047B704700BFF0E300E0E2
:1023B00004E207200CED00E008E2072080B582B0BF
:1023C00000AF78607B681A68084B1B689A4209D195
:1023D000074B1B681846FFF739FB00221021054800
:1023E000FAF70AFB00BF0837BD4680BD00EC0720A6
:1023F00078EA07200014024080B500AF294B2A4A32
:102400009A60FBF779F800F057F800F0DDF800F07B
:1024100085FB00F01DFD00F031FC00F0ADFC00F08C
:10242000A5FB00F03FFD00F067FD00F0E1FA01F0D0
:1024300031FFF721002002F013F80721012002F0FC
:102440000FF80721022002F00BF80721032002F009
:1024500007F8B721042002F003F8B721052001F0A6
:10246000FFFF01F053FF20211048FAF7ADFA0346B1
:10247000002B02D1002001F073FF0D48F8F7BAF9E4
:1024800001F0FCF80346002B02D00A48F6F780FE64
:1024900001F0A4F8FFF7F2F800F020FAFFF712F9C4
:1024A00000BFFDE700ED00E00080000800140240DE
:1024B00070EB0720FC4F010880B594B000AF07F126
:1024C0002003302200211846F7F706F807F10C0325
:1024D00000221A605A609A60DA601A610023BB60B9
:1024E0002B4B1B6C2A4A43F080531364284B1B6C04
:1024F00003F08053BB60BB6800237B60254B1B68E7
:10250000244A43F440431360224B1B6803F44043C6
:102510007B607B6801233B624FF480337B62022344
:10252000BB634FF48003FB630F233B64D8237B64BE
:102530000223BB640423FB6407F120031846F9F768
:102540000DFC0346002B01D000F038F8FAF7A2FE8C
:102550000346002B01D000F031F80F23FB6002236B
:102560003B6100237B614FF4A053BB614FF4805368
:10257000FB6107F10C0305211846F9F767FE0346D6
:10258000002B01D000F01AF800BF5037BD4680BDC7
:10259000003802400070004080B582B000AF786023
:1025A0007B681B68044A934201D1FAF7C7FF00BF5A
:1025B0000837BD4680BD00BF0010004080B400AFAA
:1025C00072B600BF00BFFDE780B58EB000AF07F167
:1025D000240300221A605A609A60DA601A610023AC
:1025E0003B62AF4B1B6BAE4A43F010031363AC4B23
:1025F0001B6B03F010033B623B6A0023FB61A84B9B
:102600001B6BA74A43F004031363A54B1B6B03F03A
:102610000403FB61FB690023BB61A14B1B6BA04A58
:1026200043F0200313639E4B1B6B03F02003BB613D
:10263000BB6900237B619A4B1B6B994A43F0800373
:102640001363974B1B6B03F080037B617B69002353
:102650003B61934B1B6B924A43F001031363904B16
:102660001B6B03F001033B613B690023FB608C4B58
:102670001B6B8B4A43F002031363894B1B6B03F004
:102680000203FB60FB680023BB60854B1B6B844A25
:1026900043F040031363824B1B6B03F04003BB60AA
:1026A000BB6800237B607E4B1B6B7D4A43F00803B5
:1026B00013637B4B1B6B03F008037B607B68012279
:1026C00018217848FAF798F900224FF4005176481B
:1026D000FAF792F9012204217448FAF78DF90022E1
:1026E00010217248FAF788F900224FF4124170481D
:1026F000FAF782F900224FF440716E48FAF77CF93C
:10270000002203216748FAF777F918237B62012337
:10271000BB620023FB6203233B6307F124031946DA
:102720006048F9F7A5FF4FF400537B620123BB62B9
:102730000023FB6200233B6307F1240319465A4838
:10274000F9F796FF14237B620123BB620023FB622F
:1027500003233B6307F1240319465448F9F788FF24
:102760004FF628737B620023BB620023FB6207F1F4
:10277000240319464D48F9F77BFF41F6FF737B624E
:102780000023BB620023FB6207F12403194646487D
:10279000F9F76EFF49F6F8137B620023BB62002352
:1027A000FB6207F1240319464348F9F761FF4FF62E
:1027B000BB437B620023BB620023FB6207F124035F
:1027C00019463C48F9F754FF46F6FF537B62002355
:1027D000BB620023FB6207F1240319463448F9F772
:1027E00047FF4FF680737B620023BB620023FB62CE
:1027F00007F1240319462B48F9F73AFF4FF6FF7308
:102800007B620023BB620023FB6207F124031946AD
:102810002A48F9F72DFF4FF412437B620123BB6274
:102820000023FB6200233B6307F124031946204881
:10283000F9F71EFF40237B624FF40413BB620023B1
:10284000FB6207F1240319461A48F9F711FF4FF408
:1028500040737B620123BB620023FB6200233B6366
:1028600007F1240319461348F9F702FF03237B629B
:102870000123BB620023FB6200233B6307F12403B7
:1028800019460848F9F7F4FE002205211720FAF747
:1028900009FE1720FAF722FE00BF3837BD4680BD7B
:1028A00000380240001002400008024000140240BC
:1028B000001802400004024000000240000C0240E8
:1028C00080B582B000AF0346FB80FB88402B01D16E
:1028D00001F088F900BF0837BD4680BD80B500AF64
:1028E000144A01210120FEF7D6FF0346124A136065
:1028F000124A01210120FEF7CEFF0346104A136061
:10290000104A01210120FEF7C6FF03460E4A13605C
:102910000E4A00210E48FEF710FF03460D4A1360D1
:102920000D4A00210D48FEF708FF03460C4A1360CC
:1029300000BF80BDA05F010870EA0720B05F0108FA
:1029400074EA0720C05F010878EA0720585F010891
:10295000652901080CE207207C5F0108853D01081C
:1029600010E2072080B582B000AF78603220FEF719
:1029700077FF00F0A3FE00F0E9FE4FF47A70FEF757
:102980006FFFFAE780B582B000AF786001221021B6
:102990000948FAF731F8391D4FF0FF330122074893
:1029A000FBF7A8F8002210210348FAF725F87B6806
:1029B00018460837BD4680BD0014024000EC0720D1
:1029C00080B586B004AF786039603B680293064BEF
:1029D000019300230093002300220449012001F009
:1029E00085FF00BFFDE700BF885001087C5001084B
:1029F00080B584B000AF3B4600221A605A609A60EE
:102A0000DA60214B214A1A601F4B4FF480325A6022
:102A10001D4B00229A601C4B00221A611A4B0022A7
:102A20001A76194B002283F82020174B0022DA6215
:102A3000154B174A9A62144B0022DA60124B01229E
:102A4000DA61114B002283F830200F4B01225A61CA
:102A50000D48F8F711FF0346002B01D0FFF7AEFD3C
:102A600002233B6001237B600623BB603B46194683
:102A70000548F8F745FF0346002B01D0FFF79EFD00
:102A800000BF1037BD4680BD7CEA07200020014012
:102A90000100000F80B58AB000AF786007F1140321
:102AA00000221A605A609A60DA601A617B681B68BB
:102AB000174A934227D100233B61164B5B6C154AA2
:102AC00043F480735364134B5B6C03F480733B617A
:102AD0003B690023FB600F4B1B6B0E4A43F0010365
:102AE00013630C4B1B6B03F00103FB60FB680423B7
:102AF0007B610323BB610023FB6107F114031946CB
:102B00000548F9F7B5FD00BF2837BD4680BD00BFB9
:102B100000200140003802400000024080B582B031
:102B200000AF00237B60104B1B6B0F4A43F4001374
:102B300013630D4B1B6B03F400137B607B68002257
:102B400005210C20FAF7AEFC0C20FAF7C7FC002296
:102B500005210F20FAF7A6FC0F20FAF7BFFC00BFF3
:102B60000837BD4680BD00BF0038024080B500AFC9
:102B70001B4B1C4A1A601A4B1B4A5A60184B002206
:102B80009A60174B0022DA60154B4FF480421A61AD
:102B9000134B00225A61124B00229A61104B002203
:102BA000DA610F4B00221A620D48FAF70BFD03465B
:102BB000002B01D0FFF702FD00210948FAF746FE7D
:102BC0000346002B01D0FFF7F9FC00210448FAF777
:102BD00079FE0346002B01D0FFF7F0FC00BF80BD5B
:102BE000C4EA072000580040A086010080B58AB0E2
:102BF00000AF786007F1140300221A605A609A60EF
:102C0000DA601A617B681B68194A93422BD1002352
:102C10003B61184B1B6B174A43F020031363154BA2
:102C20001B6B03F020033B613B6903237B61122391
:102C3000BB610023FB6103233B6204237B6207F13A
:102C4000140319460C48F9F713FD0023FB60094BE8
:102C50001B6C084A43F480031364064B1B6C03F49B
:102C60008003FB60FB6800BF2837BD4680BD00BF06
:102C700000580040003802400014024080B500AF08
:102C8000174B184A1A60164B4FF482725A60144B55
:102C900000229A60124B0022DA60114B00221A6166
:102CA0000F4B00225A610E4B4FF400729A610C4B8D
:102CB0002822DA610A4B00221A62094B00225A626A
:102CC000074B00229A62064B0A22DA620448FAF79E
:102CD00038FE0346002B01D0FFF770FC00BF80BD1B
:102CE00018EB07200034014080B58AB000AF78604F
:102CF00007F1140300221A605A609A60DA601A61C0
:102D00007B681B68194A93422BD100233B61184B07
:102D10005B6C174A43F400535364154B5B6C03F42C
:102D200000533B613B690023FB60114B1B6B104A56
:102D300043F0100313630E4B1B6B03F01003FB6097
:102D4000FB6864237B610223BB610023FB610323D7
:102D50003B6205237B6207F1140319460548F9F726
:102D600087FC00BF2837BD4680BD00BF003401404E
:102D7000003802400010024080B586B000AF07F175
:102D8000080300221A605A609A60DA603B4600220B
:102D90001A605A601D4B4FF080421A601B4B59223B
:102DA0005A601A4B00229A60184B4FF0FF32DA60DB
:102DB000164B00221A61154B80229A611348F7F7CF
:102DC000C9FC0346002B01D0FFF7F8FB4FF48053FA
:102DD000BB6007F1080319460C48F8F7B7F803463B
:102DE000002B01D0FFF7EAFB00233B6000237B6050
:102DF0003B4619460548F8F7AFFC0346002B01D0C7
:102E0000FFF7DCFB00BF1837BD4680BD70EB072025
:102E100080B485B000AF78607B681B68B3F1804FE9
:102E20000DD10023FB60094B1B6C084A43F00103E2
:102E30001364064B1B6C03F00103FB60FB6800BFCF
:102E40001437BD465DF8047B704700BF0038024070
:102E500080B500AF114B124A1A60104B4FF4E132AB
:102E60005A600E4B00229A600C4B0022DA600B4B2A
:102E700000221A61094B0C225A61084B00229A6108
:102E8000064B0022DA610548FAF7E4FD0346002B01
:102E900001D0FFF793FB00BF80BD00BFB8EB072058
:102EA000004C004080B500AF114B124A1A60104B25
:102EB0004FF4E1325A600E4B00229A600C4B002214
:102EC000DA600B4B00221A61094B0C225A61084B45
:102ED00000229A61064B0022DA610548FAF7BAFD32
:102EE0000346002B01D0FFF769FB00BF80BD00BF88
:102EF00000EC07200078004080B500AF114B124A6B
:102F00001A60104B4FF4E1325A600E4B00229A6067
:102F10000C4B0022DA600B4B00221A61094B0C2289
:102F20005A61084B00229A61064B0022DA6105487B
:102F3000FAF790FD0346002B01D0FFF73FFB00BFDF
:102F400080BD00BF48EC07200010014080B58EB066
:102F500000AF786007F1240300221A605A609A607B
:102F6000DA601A617B681B68854A934262D100234C
:102F70003B62844B1B6C834A43F400231364814BF4
:102F80001B6C03F400233B623B6A0023FB617D4B17
:102F90001B6B7C4A43F0010313637A4B1B6B03F0FA
:102FA0000103FB61FB6903237B620223BB620023F5
:102FB000FB6203233B6308237B6307F12403194669
:102FC0007148F9F755FB714B714A1A606F4B4FF01E
:102FD00000625A606D4B40229A606C4B0022DA60AE
:102FE0006A4B4FF480621A61684B00225A61674B4A
:102FF00000229A61654B0022DA61644B00221A625A
:10300000624B00225A626148F9F742FD0346002BE9
:1030100001D0FFF7D3FA7B685C4A9A635B4A7B680E
:103020009363002207213420FAF73CFA3420FAF7A0
:1030300055FAA1E07B681B68564A934262D100238F
:10304000BB61504B1B6C4F4A43F0804313644D4BA4
:103050001B6C03F08043BB61BB6900237B61494B60
:103060001B6B484A43F020031363464B1B6B03F072
:1030700020037B617B69C0237B620223BB62002348
:10308000FB6203233B6308237B6307F12403194698
:103090004148F9F7EDFA414B414A1A603F4B4FF076
:1030A00020625A603D4B40229A603C4B0022DA601D
:1030B0003A4B4FF480621A61384B00225A61374B09
:1030C00000229A61354B0022DA61344B00221A62E9
:1030D000324B00225A623148F9F7DAFC0346002BE2
:1030E00001D0FFF76BFA7B682C4A9A632B4A7B6806
:1030F0009363002207215220FAF7D4F95220FAF7FD
:10310000EDF939E07B681B68264A934234D10023ED
:103110003B611C4B5B6C1B4A43F010035364194B1F
:103120005B6C03F010033B613B690023FB60154BB4
:103130001B6B144A43F001031363124B1B6B03F028
:103140000103FB60FB684FF4C0637B620223BB6238
:103150000023FB6203233B6307237B6307F1240304
:1031600019460948F9F784FA002207212520FAF7C1
:1031700099F92520FAF7B2F900BF3837BD4680BD6E
:10318000004C0040003802400000024090EC072054
:10319000706002400078004000140240F0EC07200C
:1031A000286002400010014080B400AF00BFFDE77E
:1031B00080B584B002AF0D4B019300230093002330
:1031C00000220B49012001F091FB4FF40041094816
:1031D000F9F72BFC00237B6002E07B6801337B6006
:1031E0007B68054A9342F8DDEFE700BFAC50010869
:1031F000A4500108001802403F420F0080B584B07F
:1032000002AF0D4B019300230093002300220B49D2
:10321000012001F06BFB4FF400410948F9F705FC70
:1032200000237B6002E07B6801337B607B68054A9A
:103230009342F8DBEFE700BFC8500108A450010833
:10324000001802408096980080B400AF00BFFDE7F0
:1032500080B400AF00BFFDE780B400AF00BFBD4643
:103260005DF8047B7047000080B500AF0248F9F7B5
:10327000A7FD00BF80BD00BFF0EC072080B500AF08
:103280000248F9F79DFD00BF80BD00BF90EC07200C
:1032900080B500AF4020F9F7E3FB00BF80BD000020
:1032A00080B500AF0248FAF72DFD00BF80BD00BF1A
:1032B000B8EB072080B500AF0248FAF723FD00BF46
:1032C00080BD00BF48EC072080B500AF0248F7F78B
:1032D0008BFC00BF80BD00BF50ED072080B500AF64
:1032E0000248FAF70FFD00BF80BD00BF00EC0720C9
:1032F00080B582B000AF00237B60124B5B6C114A3B
:1033000043F4804353640F4B5B6C03F480437B6056
:103310007B6800233B600B4B1B6C0A4A43F08053D5
:103320001364084B1B6C03F080533B603B68002226
:103330000F216FF00100FAF7B5F800BF0837BD465E
:1033400080BD00BF0038024080B58EB000AF78600D
:103350000023FB620023BB620023FB60334B1B6C2A
:10336000324A43F010031364304B1B6C03F010031C
:10337000FB60FB6807F1100207F1140311461846C1
:10338000F9F744F93B6AFB62FB6A002B03D1F9F7BA
:1033900015F9786304E0F9F711F903465B007B63E4
:1033A0007B6B234AA2FB03239B0C013BBB62214B9B
:1033B000214A1A601F4B40F2E732DA601D4ABB6AAD
:1033C00053601C4B00221A611A4B00229A60194B61
:1033D00000229A611748F7F7BDF9034687F83330A2
:1033E00097F83330002B1BD11248F7F76BFA0346DE
:1033F00087F8333097F83330002B11D13620FAF7A5
:103400006DF87B680F2B08D8002279683620FAF710
:1034100049F80A4A7B68136002E0012387F83330D9
:1034200097F8333018463837BD4680BD0038024023
:1034300083DE1B4350ED0720001000406000002099
:1034400080B586B000AF7860144A154BD31A7B6103
:103450007B693B61134B1B68002B02D1114B124A55
:103460001A60104B1A687B6813443A699A4207D273
:10347000F6F758F903460C221A604FF0FF3309E0C3
:10348000084B1B68FB60074B1A687B681344054AAE
:103490001360FB6818461837BD4680BD00000B203E
:1034A0000004000098ED07209822082080B586B01F
:1034B00000AFF860B9607A6000237B610AE0AFF387
:1034C00000800146BB685A1CBA60CAB21A707B6998
:1034D00001337B617A697B689A42F0DB7B6818462E
:1034E0001837BD4680BD80B586B000AFF860B960C2
:1034F0007A6000237B6109E0BB685A1CBA601B78C4
:103500001846FFF73FFA7B6901337B617A697B6874
:103510009A42F1DB7B6818461837BD4680BD80B4FF
:1035200083B000AF78604FF0FF3318460C37BD46CC
:103530005DF8047B704780B483B000AF7860396079
:103540003B684FF400525A60002318460C37BD46C2
:103550005DF8047B704780B483B000AF78600123CE
:1035600018460C37BD465DF8047B704780B485B0C3
:1035700000AFF860B9607A60002318461437BD4682
:103580005DF8047B70470000DFF834D0F7F7CCF823
:103590000C480D490D4A002302E0D458C4500433AE
:1035A000C4188C42F9D30A4A0A4C002301E0136084
:1035B0000432A242FBD3F5F77BFDFEF71DFF7047F7
:1035C00000000B2000000020A4000020D8600108AB
:1035D000A400002098220820FEE7000080B582B0F9
:1035E00002AF0D4B1B680121184601F011F80B4B7F
:1035F00000221A7000F026F800F014F8064B196843
:10360000074B01930023009300230022032001F0C5
:103610006DF900BFBD4680BD6C0000209CED072009
:10362000F450010880B500AF802200210348F5F76F
:1036300053FF034B00221A8000BF80BDA4ED07207A
:1036400024EE072080B400AF054B00221A80054B02
:1036500000221A8000BFBD465DF8047B704700BFA2
:103660009EED0720A0ED072080B400AF024B184666
:10367000BD465DF8047B704700FF1F0880B582B02F
:1036800000AFFFF7F1FF78607B681B68084A934240
:1036900009D17B685B68074A934204D10648F5F775
:1036A00077FD012300E0002318460837BD4680BDA2
:1036B0007856341200EFCDAB645A010880B586B05D
:1036C00000AF00F05FF83B1D00221A605A609A605C
:1036D000DA601A6100233B60174B1B6B164A43F0FC
:1036E00001031363144B1B6B03F001033B603B6846
:1036F00008237B600223BB600023FB6002233B6145
:1037000001237B613B1D19460C48F8F7B1FF00F01F
:1037100011FAF9F727FF0346094A13602022002116
:103720000848F5F7D9FE202200210748F5F7D4FE16
:1037300000BF1837BD4680BD00380240000002407F
:1037400070EE072028EE07204CEE072080B582B0EF
:1037500000AF00F0D7F8F9F705FF7860074B1B685A
:103760007A68D31AB3F5FA7FF3D34FF400510448C3
:10377000F9F75BF9014A7B681360EAE770EE07200E
:103780000008024080B5A2B002AF3B46504A8021FB
:103790001846F6F711FE3B4619464E4800F0B5F9BB
:1037A0003B4619464C4800F0B0F90520F9F7E6FE13
:1037B00038464A4B4A4A8021F6F7FEFD3B461946F9
:1037C000444800F0A2F93B461946434800F09DF9F1
:1037D0000520F9F7D3FE3846424B0093424B434A4B
:1037E0008021F6F7E9FD3B4619463A4800F08DF98D
:1037F0003B461946384800F088F90520F9F7BEFE27
:10380000384604230193012300930023384A802182
:10381000F6F7D2FD3B4619462E4800F076F93B46B6
:1038200019462D4800F071F90520F9F7A7FE3B462F
:10383000304A80211846F6F7BFFD3B461946254819
:1038400000F063F93B461946234800F05EF9052075
:10385000F9F794FE3B46284A80211846F6F7ACFD5E
:103860003B4619461B4800F050F93B4619461A489A
:1038700000F04BF90520F9F781FE3B461F4A8021F5
:103880001846F6F799FD3B461946124800F03DF9F7
:103890003B461946104800F038F90520F9F76EFE4E
:1038A0003B46174A80211846F6F786FD3B461946E7
:1038B000084800F02AF93B461946074800F025F968
:1038C0000520F9F75BFE00BF8037BD4680BD00BF15
:1038D000D85A0108B8EB072048EC0720EC5A010839
:1038E000F85A0108245B0108085B0108145B010811
:1038F000305B0108445B0108685B0108905B0108CC
:10390000B85B010880B582B000AF484B1B681B68EC
:1039100003F02003202B3ED1444B1B685B68FB71F6
:10392000434B1B781E2B2ED8414B1B785A1CD1B20F
:103930003F4A117019463F4AFB7953543C4B1B7860
:1039400019463C4800F080F80346002B0CD03A4959
:10395000364800F0DAF8364B00221A702022002197
:103960003448F5F7B9FD16E0FB790D2B02D0FB7951
:103970000A2B10D12E4B00221A70202200212D4834
:10398000F5F7AAFD07E02A4B00221A702022002139
:103990002848F5F7A1FD294B1B681B6803F020039D
:1039A000202B3ED1254B1B685B68FB71244B1B7899
:1039B0001E2B2ED8224B1B785A1CD1B2204A1170D4
:1039C0001946204AFB7953541D4B1B7819461D4854
:1039D00000F03AF80346002B0CD01749174800F0C6
:1039E00094F8174B00221A70202200211548F5F791
:1039F00073FD16E0FB790D2B02D0FB790A2B10D159
:103A00000F4B00221A70202200210E48F5F764FDAA
:103A100007E00B4B00221A70202200210948F5F71D
:103A20005BFD00BF0837BD4680BD00BFB8EB072077
:103A300048EE072028EE0720D45B010848EC072059
:103A40006CEE07204CEE072080B485B000AF7860A4
:103A50000B46FB70FB78032B01D800234FE00023BB
:103A6000FB72FB78013BFB6002E0FB68013BFB6003
:103A7000FB68002B17DBFB687A6813441B78202B4C
:103A8000F3D0FB687A6813441B780D2BEDD0FB68EC
:103A90007A6813441B780A2BE7D0FB687A681344D2
:103AA0001B78092BE1D0FB68032B27D17B681B789F
:103AB000502B03D07B681B78702B1FD17B680133A0
:103AC0001B78492B04D07B6801331B78692B15D1F7
:103AD0007B6802331B784E2B04D07B6802331B7843
:103AE0006E2B0BD17B6803331B78472B04D07B688C
:103AF00003331B78672B01D1012300E00023184614
:103B00001437BD465DF8047B704780B582B000AFC6
:103B1000786039603868F5F773FC03469AB24FF065
:103B2000FF3339687868F9F7E5FF00BF0837BD460D
:103B300080BD000080B588B000AF3B1D00221A6038
:103B40005A609A60DA601A615A619A61194B592277
:103B50005A60184B40F2E732DA60164B00229A6046
:103B6000144B00221A61134B80229A611148F6F718
:103B700019FF0346002B01D0FEF720FD60237B6078
:103B80004FF4FA73BB600023FB6000237B613B1D95
:103B90000C2219460748F7F717F90346002B01D006
:103BA000FEF70CFD0C210348F6F756FF00BF203747
:103BB000BD4680BD70EB072080B582B000AF786055
:103BC00039607B685B6839681846FBF7ABFC0346D5
:103BD000002B14BF01230023DBB218460837BD4673
:103BE00080BD000080B500AF054B1B68002B04D0E2
:103BF000034B1B68184600F005F800BF80BD00BFEE
:103C000074EE072080B582B000AF78607B6893F8CF
:103C1000643883F00103DBB2002B16D140210D483C
:103C2000F8F7D2FE0346002B0CBF01230023DBB2C2
:103C3000002B0BD07B6803F608027B6803F5066354
:103C400019461046FFF7B8FF00E000BF0837BD4631
:103C500080BD00BF0004024080B483B000AF0023E9
:103C6000FB71FB7918460C37BD465DF8047B704745
:103C700080B582B000AF78603960012210210A4817
:103C8000F8F7BAFE3B689BB21A4679680748F9F71D
:103C9000BDFF074B1B684FF0FF311846FDF784FE50
:103CA00000BF0837BD4680BD0014024000EC07206D
:103CB00078EA072080B500AF044B1B684FF0FF3156
:103CC0001846FDF771FE00BF80BD00BF70EA0720F7
:103CD00080B500AF034B1B681846FDF7B7FE00BF69
:103CE00080BD00BF70EA072080B582B000AF114BE5
:103CF0001B68002B11D0104B1B68002B0DD00E4BF6
:103D00001B680C4A12681046984778607B680B4A1B
:103D100010210B48F6F750FB07E0FDF7F9FC0346CE
:103D2000064A10210648F6F747FB054B18460837A8
:103D3000BD4680BD78EE07207CEE0720DC5B0108E5
:103D400080EE072080B400AF024B1846BD465DF8F8
:103D5000047B7047E05B010880B400AF024B18465B
:103D6000BD465DF8047B7047E05B010880B500AF9D
:103D7000034B1B681846FDF769FE00BF80BD00BFFE
:103D800074EA072080B584B000AF78600023FB6040
:103D90000A4B1B684FF0FF311846FDF705FE7C21EA
:103DA000074800F0B7F8F860FB68002B04D0F9680A
:103DB0000348FFF75DFFF2E700BFE9E774EA072079
:103DC00090EE072080B400AF174B1A68174B1B68A2
:103DD0009A4205D9144B1A68144B1B68D31A1DE07C
:103DE000134B1B7883F00103DBB2002B0ED0114B79
:103DF0001B7883F00103DBB2002B07D00A4B1A6853
:103E00000A4B1B68D31A03F5485307E0084B1B788D
:103E1000002B02D04FF4485300E000231846BD4663
:103E20005DF8047B704700BF102108201421082092
:103E3000182108207000002080B500AFFFF7C2FFF6
:103E40000346C3F54853184680BD000080B584B0D2
:103E500000AF786039600023FB60FFF7EDFFF8608A
:103E6000FB68002B02D100233B6046E0FA683B6808
:103E70009A4204D8FB683B60224B01221A70224B05
:103E80001A683B681344B3F5485F0FD21E4B1B689A
:103E90001E4A13443A6879681846F5F7A3FE1A4B90
:103EA0001A683B681344184A136023E0164B1B68DA
:103EB000164A9818144B1B68C3F548531A4679687C
:103EC000F5F790FE104B1B68C3F548537A68D1187C
:103ED0000D4B1A683B681344A3F548531A460B4828
:103EE000F5F780FE084B1A683B681344A3F5485366
:103EF000054A1360064B00221A703B6818461037BB
:103F0000BD4680BD182108201021082010EF072091
:103F10007000002080B584B000AF78603960002365
:103F2000BB600023FB6000F013FBFFF74BFFB860A2
:103F3000BB68002B5FD03B68002B5CD0BA683B6845
:103F40009A4201D8BB683B60304B1A683B68134407
:103F5000B3F5485F10D22D4B1B682D4A13443A68C5
:103F60001946786800F018F9F860284B1A68FB6861
:103F70001344264A136030E0244B1B68244A9918E6
:103F8000224B1B68C3F548531A46786800F004F9C1
:103F9000F8601E4B1B68C3F54853FA689A4216D165
:103FA0007A68FB68D0183A68FB68D31A1A46184931
:103FB00000F0F2F80246FB681344FB60134B1A68EA
:103FC000FB681344A3F54853104A136005E00F4BF8
:103FD0001A68FB6813440D4A1360BA68FB689A427A
:103FE00002D10C4B01221A70FB68002B05D00A4B42
:103FF00000221A7002E000BF00E000BF00F0BEFA2D
:10400000FB6818461037BD4680BD00BF142108204C
:1040100010EF0720700000201821082080B586B01E
:1040200000AF0346B9607A60FB730F4B1B78002B1F
:1040300012D0FB7B042B0AD97968B868FFF706FF1A
:1040400078617B69002B0BD0FFF790FE08E0796860
:10405000B868FFF70DFE03E07968B868FFF708FE5F
:1040600000BF1837BD4680BD0DEF072080B483B078
:1040700000AF0346FB71044AFB79137000BF0C3795
:10408000BD465DF8047B70470DEF072080B483B018
:1040900000AF0023FB71084B1B78002B01D0FB798C
:1040A00003E0054B01221A70FB7918460C37BD4618
:1040B0005DF8047B704700BF0CEF072080B58CB023
:1040C00006AFF860B9607A607B687B61BB68002BE3
:1040D0001BD12B4B1B68002B11D12C230493294B94
:1040E0000393294B0293294B019300230093002350
:1040F00000222749002000F0F9FB00BFFDE7204B1C
:104100001B682C221F49204898477B68002B29D127
:104110001B4B1B68002B11D12D230493194B0393C8
:104120001C4B0293194B01930023009300230022A0
:104130001749002000F0DAFB00BFFDE7104B1B68B9
:104140002D221049134898470CE0FB685A1CFA606E
:104150007F2B0CD87A68531C7B60BB68591CB960F4
:1041600012781A707B681B78002BEED100E000BF3C
:104170007A687B69D31A18461837BD4680BD00BFE0
:1041800094220820D05F0108EC5B0108F05B010875
:10419000E45B0108145C010880B58CB006AFF860E0
:1041A000B9607A6002233B6100237B61FB68002BCE
:1041B0001BD1314B1B68002B11D1462304932F4B8D
:1041C00003932F4B02932F4B019300230093002363
:1041D00000222D49002000F089FB00BFFDE7264B9F
:1041E0001B684622254926489847BB68002B37D1D3
:1041F000214B1B68002B11D1472304931F4B0393C2
:10420000224B02931F4B01930023009300230022B3
:104210001D49002000F06AFB00BFFDE7164B1B683C
:1042200047221649194898471AE0BA68531CBB60E0
:10423000FB68591CF96012781A707B6901337B6145
:104240007A693B699A420BD33B695B42BA68134473
:104250003A690F491846F5F79DFF0346002B05D034
:104260007B685A1E7A60002BDFD100E000BF7B69BB
:1042700018461837BD4680BD94220820DC5F01082F
:10428000185C0108F05B0108E45B0108205C010890
:10429000245C010880B582B000AF0023FB711A4B8B
:1042A00093F8F030002B01D0FB7929E0FFF7D4FC24
:1042B0000346FB71FB79002B01D0FB7920E0FFF76F
:1042C000E5FE0346FB71FB79002B01D0FB7917E07B
:1042D000012000F047FE0C4B002283F8F3200A4B2C
:1042E000002283F8F420012000F07AF8052000F085
:1042F000F5F800F059F9044B012283F8F020FB791E
:1043000018460837BD4680BD1C21082080B584B002
:1043100004AF0F4B93F8F03083F00103DBB2002BB6
:1043200012D1012000F01CF80120FFF79FFE094B7D
:104330000293094B019300230093002300220749B5
:10434000032000F0D3FA00E000BFBD4680BD00BFEF
:104350001C210820785C0108805C0108705C010861
:1043600080B588B006AF0346FB71FB79002B23D0E4
:10437000FB7983F00103DBB2002B1DD0124B1B68CD
:10438000002B12D140F215130493104B0393104BE2
:104390000293104B019300230093002300220E4947
:1043A000002000F0A3FA00BFFDE7074B1B6840F2B6
:1043B0001512064906489847084AFB7982F8F130F9
:1043C00000BF0837BD4680BD94220820E85F010881
:1043D000D05C0108F85C0108705C01081C21082011
:1043E00080B588B006AF0346FB71FB79002B23D064
:1043F000FB7983F00103DBB2002B1DD0124B1B684D
:10440000002B12D140F221130493104B0393104B55
:104410000293104B019300230093002300220E49C6
:10442000002000F063FA00BFFDE7074B1B6840F275
:104430002112064906489847084AFB7982F8F53068
:1044400000BF0837BD4680BD9422082000600108E7
:10445000D05C0108F85C0108705C01081C21082090
:1044600080B588B006AF03463960FB71FB79052B38
:104470001DD9144B1B68002B12D14FF4A073049369
:10448000114B0393114B0293114B019300230093A3
:10449000002300220F49002000F028FA00BFFDE7AA
:1044A000084B1B684FF4A072074908489847FB79EE
:1044B000094936333A6841F8232000BF0837BD4622
:1044C00080BD00BF942208201C6001081C5D01080B
:1044D000F85C0108705C01081C21082080B588B0D8
:1044E00006AF0346FB71FB79052B1DD9124B1B68E8
:1044F000002B12D14FF4AD730493104B0393104B68
:104500000293104B019300230093002300220E49D5
:10451000002000F0EBF900BFFDE7074B1B684FF4EC
:10452000AD72064906489847084AFB79137000BFE8
:104530000837BD4680BD00BF942208202C600108CA
:104540001C5D0108F85C0108705C01081C21082052
:1045500080B500AF084B93F8F230002B06D0FFF780
:10456000A9FB054B012283F8F42003E0024B012252
:1045700083F8F32000BF80BD1C21082080B500AF68
:10458000084B93F8F230002B06D0FFF7A1FB054B48
:10459000002283F8F42003E0024B002283F8F3208A
:1045A00000BF80BD1C21082080B582B000AF002371
:1045B000FB710023FB7121E0FA7913465B01134480
:1045C0003033124A134402331F2200211846F4F7F5
:1045D00083FFFA790D4913465B0113440B443133D1
:1045E00000221A70FA79094913465B0113440B44FF
:1045F000513300221A70FB790133FB71FB79042BD4
:10460000DAD900BF00BF0837BD4680BD1C21082095
:1046100080B58AB006AF78600B46FB70FB78052B3F
:104620001DD9704B1B68002B12D140F2AB130493C1
:104630006D4B03936D4B02936D4B019300230093DD
:10464000002300226B49002000F050F900BFFDE775
:10465000644B1B6840F2AB126349644898477B681F
:10466000002B1DD15F4B1B68002B12D14FF4D6736A
:1046700004935D4B0393604B02935D4B01930023C6
:104680000093002300225B49002000F02FF900BFB7
:10469000FDE7544B1B684FF4D67253495648984770
:1046A0000023FB73554B93F8F03083F00103DBB22A
:1046B000002B40F09380FFF74BFF0023FB731CE0BF
:1046C000FA7B4E4913465B0113440B4451331B786C
:1046D000002B0FD0FA7B13465B0113443033474A5B
:1046E000134402331E2219467868F5F753FD03463A
:1046F000002B06D0FB7B0133FB73FB7B042BDFD944
:1047000000E000BFFB7B042B2CD8FB78052B1FD1CE
:10471000FA7B3A4913465B0113440B4451330022A0
:104720001A70FA7B13465B0113443033334A134447
:1047300002331F2200211846F4F7CEFEFA7B2F49E0
:1047400013465B0113440B44313300221A7042E0DC
:10475000FA7B2A4913465B0113440B443133FA7840
:104760001A7038E0FB78052B35D00023FB732FE05F
:10477000FA7B224913465B0113440B4451331B78E7
:1047800083F00103DBB2002B1FD0FA7B13465B01E1
:1047900013443033194A134402331E2279681846F1
:1047A000F5F7BAFAFA7B154913465B0113440B443B
:1047B0003133FA781A70FA7B104913465B011344BF
:1047C0000B44513301221A7005E0FB7B0133FB736C
:1047D000FB7B042BCCD9FFF7D1FE00E000BF1037E4
:1047E000BD4680BD94220820406001081C5D010880
:1047F000F85C0108705C0108385D01081C21082084
:1048000080B58AB006AF78607B68002B1DD1314B34
:104810001B68002B12D14FF4F07304932E4B0393BB
:104820002E4B02932E4B0193002300930023002272
:104830002C49002000F05AF800BFFDE7254B1B680B
:104840004FF4F0722449254898470023FB73052351
:10485000BB73254B93F8F03083F00103DBB2002BE0
:1048600001D0BB7B31E0FFF773FE0023FB7326E032
:10487000FA7B1D4913465B0113440B4451331B78EB
:10488000002B19D0FA7B13465B0113443033164AD0
:10489000134402331E2219467868F5F77BFC034661
:1048A000002B09D1FA7B104913465B0113440B44DA
:1048B00031331B78BB7305E0FB7B0133FB73FB7B60
:1048C000042BD5D9FFF75AFEBB7B18461037BD46DF
:1048D00080BD00BF9422082058600108385D01089F
:1048E000F85C0108705C01081C21082090B597B0A5
:1048F00006AFB9607A603B600346FB73B868F4F7B3
:104900007FFDB8630023FB6302237B6307F124036D
:1049100000221A605A60C3F8072007F1140300222E
:104920001A605A609A60DA60FB7B052B27D90B4B23
:104930001B68002B1CD140F23E230493084B0393C9
:10494000084B0293084B019300230093002300229D
:1049500006490020FFF7CAFF00BFFDE794220820A8
:10496000706001081C5D0108F85C0108705C0108BA
:10497000B24B1B6840F23E22B149B2489847B24B55
:1049800093F8F13083F00103DBB2002B40F0538247
:10499000AD4B1B78FA7B9A4200F24F82B868FFF762
:1049A0002FFF03461A46FB7B934200F24682A7493B
:1049B000B868F3F7E9FF0346002B00F0408207F1E7
:1049C00058033B61FFF7C4FD9F4B93F8F530002B74
:1049D0001AD0FB6B9E4A13449E4A1946F86BFFF7A8
:1049E0006DFB0246FB6B1344FB63FB6B984A991803
:1049F000FB7B994A52F823301A46F86BFFF75EFBAF
:104A00000246FB6B1344FB63FB7B0121184600F05D
:104A10002DFA0346002B0ED0FB6B8D4A9918FB7BB9
:104A20008E4A52F823301A46F86BFFF747FB0246CE
:104A3000FB6B1344FB63FB7B0221184600F016FA64
:104A40000346002B30D0FB6B814A1344BA681946E9
:104A5000F86BFFF733FB0246FB6B1344FB63BB6B46
:104A60000F2B15D8BB6BC3F10F0207F114032021E4
:104A70001846F4F731FDFB6B754A134407F1140235
:104A80001946F86BFFF71AFB0246FB6B1344FB63F6
:104A9000FB6B6F4A1344724A1946F86BFFF70EFB23
:104AA0000246FB6B1344FB63FB7B1C21184600F0A2
:104AB000DDF90346002B00F08580FB6B644A13444C
:104AC000684A1946F86BFFF7F9FA0246FB6B134484
:104AD000FB63FB7B0421184600F0C8F90346002B5A
:104AE00022D0FB6B5A4A9C18FFF7FEF803461A4681
:104AF0002146F86BFFF7E2FA0246FB6B1344FB63B7
:104B0000FB7B1821184600F0B1F90346002B0BD0AF
:104B1000FB6B4F4A1344524A1946F86BFFF7CEFA23
:104B20000246FB6B1344FB63FB7B0821184600F035
:104B30009DF90346002B22D0FB6B454A9C18FFF7DA
:104B400001F903461A462146F86BFFF7B7FA024609
:104B5000FB6B1344FB63FB7B1021184600F086F9C6
:104B60000346002B0BD0FB6B394A13443C4A1946D1
:104B7000F86BFFF7A3FA0246FB6B1344FB63FB7B66
:104B80001021184600F072F90346002B0ED0FB6B83
:104B90002F4A9C18FFF7E0F803461A462146F86BA7
:104BA000FFF78CFA0246FB6B1344FB63FB6B284A4E
:104BB00013442D4A1946F86BFFF780FA0246FB6B47
:104BC0001344FB63FB7B7A682021184600F0AEF9A2
:104BD0000346002B12D1FB7B3A684021184600F0B7
:104BE000A5F90346002B09D13A6DFB7B80211846BD
:104BF00000F080F90346002B00F0BA80FB6B144AEA
:104C000013441A4A1946F86BFFF758FA0246FB6B31
:104C10001344FB63FB7B7A682021184600F086F979
:104C20000346002B51D0FB6B094A13447A6819469E
:104C3000F86BFFF743FA0246FB6B19E09422082059
:104C4000706001081C5D01081C2108201D2108203E
:104C5000142208204C5D01088C0000207400002004
:104C6000505D0108545D0108585D01085C5D010854
:104C70001344FB63FB7B3A684021184600F056F969
:104C80000346002B0CD0FB6B6F4A13446F4A194646
:104C9000F86BFFF713FA0246FB6B1344FB6314E057
:104CA0003A6DFB7B8021184600F024F90346002B67
:104CB0000BD0FB6B644A1344654A1946F86BFFF747
:104CC000FDF90246FB6B1344FB633A6DFB7B8021CD
:104CD000184600F00FF90346002B28D007F12400F6
:104CE0003B6D5C4A0A21F5F767FBFB6B564A1344A0
:104CF00007F124021946F86BFFF7E0F90246FB6B57
:104D00001344FB63FB7B3A684021184600F00EF920
:104D10000346002B0BD0FB6B4B4A13444C4A1946FD
:104D2000F86BFFF7CBF90246FB6B1344FB63FB7B8D
:104D30003A684021184600F0F9F80346002B0BD0E2
:104D4000FB6B414A13443A681946F86BFFF7B6F912
:104D50000246FB6B1344FB63FB6B3B4A13443E4A26
:104D60001946F86BFFF7AAF90246FB6B1344FB6385
:104D7000FB6B354A9818FB6BC3F180013B697A6D78
:104D8000F3F720FF38633A6BFB6B1344802B07D893
:104D90003B6B002B04DB3B6BFA6B1344FB6301E0C2
:104DA0008023FB63FA6B7B6B13440433802B08D99D
:104DB0008023FB63FB6B043BFB63FA6B7B6BD31AB7
:104DC000FB63264B93F82030002B0ED01E4AFB6B62
:104DD000134400221A7022491B48F3F7D5FD0346FD
:104DE000002B02D1FFF7CAFB2AE01C4B93F8F530E9
:104DF000002B0BD0FB6B144A13441A4A1946F86B6C
:104E0000FFF75CF90246FB6B1344FB63FB6B0E4A36
:104E10001344154A1946F86BFFF750F90246FB6B2D
:104E20001344FB63FB7BFA6B07491846FFF7F6F860
:104E3000FFF7A4FB04E000BF02E000BF00E000BFFA
:104E40004437BD4690BD00BF14220820605D0108B4
:104E5000505D0108645D0108685D01081C2108209F
:104E60003C2108206C5D0108745D010880B588B0A4
:104E700006AF03463960FB71FB79052B1DD9174B33
:104E80001B68002B12D140F2DF230493144B0393D1
:104E9000144B0293144B0193002300930023002230
:104EA00012490020FFF722FD00BFFDE70B4B1B68F6
:104EB00040F2DF220A490B489847FB790C4A363307
:104EC00052F823203B681340002B01D0012300E05F
:104ED000002318460837BD4680BD00BF9422082035
:104EE0007C6001081C5D0108F85C0108705C010829
:104EF0001C21082080B584B000AF0346B9607A60F9
:104F0000FB737B68002B09D0FB7BB9681846FFF761
:104F1000ADFF0346002B01D0012300E0002303F086
:104F20000103DBB218461037BD4680BD80B584B0A2
:104F300000AF0346B9607A60FB737B68002B09D031
:104F4000FB7BB9681846FFF791FF0346002B01D0A1
:104F5000012300E0002303F00103DBB21846103701
:104F6000BD4680BD80B582B000AF0346FB71164AD6
:104F7000FB7982F8F230144B93F8F230002B1ED0FC
:104F8000114B93F8F43083F00103DBB2002B07D010
:104F90000D4B93F8F330002B02D0FEF78BFE0EE0A2
:104FA000094B93F8F430002B09D0074B93F8F330FA
:104FB00083F00103DBB2002B01D0FEF789FE00BFB6
:104FC0000837BD4680BD00BF1C210820F8B500BFD2
:104FD000F8BC08BC9E467047F8B500BFF8BC08BCDA
:044FE0009E46704732
:104FE40049444C4500000000546D72205376630020
:104FF400546D725100000000426F6F746C6F6164F5
:105004006572207570677261646520666C616720E3
:10501400646574656374656420627574206E6F746E
:1050240020636C656172656420627920626F6F74BD
:105034006C6F61646572210D000000006465666137
:10504400756C745461736B00656C6F6700000000CD
:10505400656C6F675F6C6F636B000000656C6F67F6
:105064005F6173796E630000656C6F675F646D6187
:105074005F6C6F636B0000004672656552544F535A
:1050840000000000537461636B206F766572666C78
:105094006F7720696E207461736B3A20257300006A
:1050A4004641554C5400000021212120486172647E
:1050B4004661756C74206F63637572726564202138
:1050C40021210000212121204D656D4D616E616714
:1050D40065206F636375727265642021212100006D
:1050E400666163746F72795F7465737400000000A5
:1050F400466163746F7279207465737420696E6994
:105104007469616C697A65640000000053746172AB
:1051140074656420666163746F7279207465737456
:1051240020656E74727920646574656374696F6E4A
:1051340020666F722031207365636F6E6400000017
:10514400466163746F7279207465737420656E743C
:10515400727920646574656374696F6E2074696D17
:10516400656F7574000000005374617274696E6732
:1051740020626C6F636B696E6720666163746F7223
:1051840079207465737420656E7472792064657413
:10519400656374696F6E202831207365636F6E6474
:1051A400292E2E2E00000000466163746F72792050
:1051B4007465737420656E74727920636F6D6D61AC
:1051C4006E64206465746563746564210000000086
:1051D400466163746F7279207465737420656E74AC
:1051E400727920646574656374696F6E2074696D87
:1051F400656F7574202D206E6F20636F6D6D616E09
:10520400642072656365697665640000456E746543
:1052140072656420666163746F7279207465737457
:10522400206D6F64650000004578697465642066CC
:105234006163746F72792074657374206D6F646533
:1052440000000000556E6B6E6F776E206D65737392
:105254006167652049443A2030782530325800008F
:105264006C656E677468206572726F72000000006E
:10527400736F66206572726F720000007061796CE2
:105284006F61645F6C656E206572726F72000000FE
:1052940065787065637465645F6C656E67746820B7
:1052A4006572726F72000000656F66206572726FBE
:1052B40072000000637263206572726F722C206347
:1052C400616C63756C617465645F6372633A202515
:1052D4003034582C206672616D652D3E63726331E3
:1052E400363A20253034580053656E742072657345
:1052F400706F6E7365206672616D652C204D534727
:105304005F49443D3078253032582C206C656E3D21
:105314002564000048656172746265617420726579
:1053240073706F6E73652073656E74004750494FD8
:1053340020636F6E74726F6C207061796C6F61643E
:1053440020746F6F2073686F727400004750494F68
:1053540020636F6E74726F6C20726573706F6E73FE
:10536400652073656E742C207375625F69643D30CB
:1053740078253032582C207374617475733D25641C
:105384000000000036342D77617920494F20636F87
:105394006E74726F6C207061796C6F616420746FCD
:1053A4006F2073686F72740036342D7761792049E9
:1053B4004F20636F6E74726F6C3A207375625F690D
:1053C400643D3078253032580000000036342D77A3
:1053D400617920494F20636F6E74726F6C2072651F
:1053E40073706F6E73652073656E742C20737562B1
:1053F4005F69643D3078253032582C2073746174B1
:1054040075733D2564000000444950207377697426
:10541400636820636F6E74726F6C207061796C6F57
:10542400616420746F6F2073686F727400000000F1
:105434004449502073776974636820636F6E747293
:105444006F6C3A207375625F69643D307825303241
:1054540058000000444950207377697463682063DE
:105464006F6E74726F6C20726573706F6E736520EB
:1054740073656E742C207375625F69643D307825A2
:105484003032582C207374617475733D25640000A8
:105494004164646974696F6E616C2074657374200F
:1054A4007061796C6F616420746F6F2073686F72C0
:1054B400740000004164646974696F6E616C2074E7
:1054C4006573743A207375625F69643D3078253082
:1054D40032580000556E6B6E6F776E20616464699C
:1054E40074696F6E616C2074657374207375622DBA
:1054F40049443A20307825303258000041646469C8
:1055040074696F6E616C2074657374207265737056
:105514006F6E73652073656E742C207375625F699A
:10552400643D3078253032582C207374617475735F
:105534003D2564004750494F206D6F6465207365B5
:10554400743A20706F72743D25642C206D61736B06
:105554003D3078253034582C206D6F64653D2564CA
:10556400000000004750494F2070756C6C20736533
:10557400743A20706F72743D25642C206D61736BD6
:105584003D3078253034582C2070756C6C3D256482
:10559400000000004750494F206C6576656C207709
:1055A40072697474656E3A20706F72743D25642C50
:1055B400206D61736B3D3078253034582C206C6538
:1055C40076656C3D256400004750494F206C657634
:1055D400656C7320726561643A20706F72743D2546
:1055E400642C206C6576656C733D307825303458B6
:1055F4000000000036342D77617920494F206D6F0B
:105604006465207365743A206D61736B3D30782551
:105614003031366C6C582C206D6F64653D25640008
:1056240036342D77617920494F2070756C6C207366
:1056340065743A206D61736B3D3078253031366C7A
:105644006C582C2070756C6C3D25640036342D77B5
:10565400617920494F206C6576656C207772697496
:1056640074656E3A206D61736B3D30782530313648
:105674006C6C582C206C6576656C3D2564000000CC
:1056840036342D77617920494F206C6576656C73CB
:1056940020726561643A206C6576656C733D307880
:1056A400253031366C6C58004661696C6564207431
:1056B4006F20657261736520534E20466C61736878
:1056C40020736563746F72004661696C656420744D
:1056D4006F20777269746520534E20646174612071
:1056E400746F20466C61736800000000534E2064A0
:1056F40061746120766572696669636174696F6E4D
:10570400206661696C656400534E20777269747415
:10571400656E207375636365737366756C6C792C41
:10572400206C656E6774683D25642C206261746327
:10573400685F69643D30782530385800534E206DD9
:1057440061676963206E756D626572206E6F742087
:10575400666F756E642C20534E206E6F74207072C9
:105764006F6772616D6D656400000000496E76615B
:105774006C696420534E206C656E6774683A20250A
:1057840064000000534E2072656164207375636386
:1057940065737366756C6C792C206C656E677468C0
:1057A4003D25642C2062617463685F69643D3078D0
:1057B400253038580000000044495020737769743C
:1057C4006368206C6576656C7320726561643A2049
:1057D4006C6576656C733D30782530325800000076
:1057E4005374617274696E672055415254206C6F12
:1057F4006F706261636B2074657374005541525419
:10580400206C6F6F706261636B20746573742070B9
:1058140061737365640000004465766963652055AF
:1058240049443A20253038582530385825303858DE
:10583400000000004669726D7761726520766572BA
:1058440073696F6E3A2025642E25642E256400004A
:10585400466C61736820756E6C6F636B206661695A
:105864006C65643A2025640D0A000000466C61737F
:1058740068206572617365206661696C65643A20AD
:1058840025642C20736563746F72206572726F7265
:105894003A2025750D0A0000466C61736820736513
:1058A40063746F7220256C75206572617365642062
:1058B4007375636365737366756C6C790D0A0000A8
:1058C400466C617368207772697465206D616769DD
:1058D40063206661696C65643A2025640D0A0000E2
:1058E400466C61736820777269746520666C6167C1
:1058F400206661696C65643A2025640D0A00000025
:10590400426F6F746C6F6164657220666C616720AE
:105914007772697474656E20746F20466C61736865
:105924002061742030782530386C580D0A0000004E
:1059340053657474696E6720626F6F746C6F616411
:105944006572207570677261646520666C61672E8C
:105954002E2E0D004661696C656420746F2065729B
:1059640061736520466C61736820736563746F723C
:1059740020666F7220626F6F746C6F616465722051
:10598400666C61670D0000004661696C6564207493
:105994006F20777269746520626F6F746C6F6164D5
:1059A400657220666C616720746F20466C61736851
:1059B4000D000000426F6F746C6F61646572207536
:1059C40070677261646520666C616720736574201A
:1059D4007375636365737366756C6C792061742089
:1059E400616464726573732030782530386C580DA7
:1059F4000A000000436C656172696E6720626F6F14
:105A0400746C6F6164657220666C61672E2E2E0D56
:105A1400000000004661696C656420746F20636C4B
:105A240065617220626F6F746C6F61646572206669
:105A34006C61670D00000000426F6F746C6F6164ED
:105A4400657220666C616720636C656172656420B1
:105A54007375636365737366756C6C790D00000010
:105A6400426F6F746C6F61646572207570677261E8
:105A7400646520666C61672064657465637465643D
:105A840020696E20466C6173680D0000547269676A
:105A9400676572696E672073797374656D207265CA
:105AA40073657420746F20626F6F746C6F616465CA
:105AB400722E2E2E0D00000053797374656D2077BD
:105AC400696C6C207265736574206E6F772E2E2E50
:105AD4000D0000000D0A3D3D3D20424F4F54204F24
:105AE4004B203D3D3D0D0A004558414D2D312E3092
:105AF4002E30000056657273696F6E3A2025730D5F
:105B04000A000000536570203138203230323600EC
:105B14004275696C643A2025732025730D0A0000D0
:105B240030313A30353A31320000000046572056C1
:105B340065723A2025642E25642E25640D0A000022
:105B440053717561726520576176653A2031206B17
:105B5400487A206F6E20494F312028504133290D57
:105B64000A00000054544C20554152543A205541E7
:105B740052543420285041302F50413129203131A2
:105B84003532303020384E310D0A000052532D3258
:105B940033323A2055534152543120285041392F41
:105BA40050413130292031313532303020384E31B6
:105BB4000D0A0000526561647920666F7220636F7C
:105BC4006D6D616E6473202850494E47290D0A009B
:105BD400504F4E470D0A0000256C75000000000070
:105BE400656C6F67000000006473740028257329D6
:105BF4002068617320617373657274206661696CD7
:105C040065642061742025733A256C642E000000BD
:105C1400737263006C696E65000000006C6F67004E
:105C24000D0A0000412F0000452F0000572F0000EF
:105C3400492F0000442F0000562F000033353B321B
:105C4400326D000033313B32326D000033333B326E
:105C5400326D000033363B32326D000033323B325A
:105C6400326D000033343B32326D0000656C6F6777
:105C740000000000322E322E39390000456173795C
:105C84004C6F676765722056257320697320696EAF
:105C9400697469616C697A6520737563636573738C
:105CA4002E000000456173794C6F6767657220565A
:105CB4002573206973206465696E697469616C6910
:105CC4007A6520737563636573732E0028656E614E
:105CD400626C6564203D3D2066616C736529207C9F
:105CE4007C2028656E61626C6564203D3D20747281
:105CF40075652900282573292068617320617373F1
:105D0400657274206661696C656420617420257312
:105D14003A256C642E0000006C6576656C203C3D71
:105D240020454C4F475F4C564C5F564552424F53AB
:105D34004500000074616720213D202828766F69A2
:105D440064202A29302900001B5B00002000000089
:105D54005B0000005D200000280000003A00000005
:105D6400256C6400290000001B5B306D00000000FE
:105D74000D0A00006C6F6700656C6F672E656E61BD
:105D8400626C65645F666D745F7365745B454C4FEC
:105D9400475F4C564C5F4153534552545D20262077
:105DA400454C4F475F464D545F4C564C0000000035
:105DB400656C6F672E656E61626C65645F666D7499
:105DC4005F7365745B454C4F475F4C564C5F45525F
:105DD400524F525D202620454C4F475F464D545F3D
:105DE4004C564C00656C6F672E656E61626C656421
:105DF4005F666D745F7365745B454C4F475F4C56CB
:105E04004C5F5741524E5D202620454C4F475F461C
:105E14004D545F4C564C0000656C6F672E656E6187
:105E2400626C65645F666D745F7365745B454C4F4B
:105E3400475F4C564C5F494E464F5D202620454CEB
:105E44004F475F464D545F4C564C0000656C6F677E
:105E54002E656E61626C65645F666D745F736574F4
:105E64005B454C4F475F4C564C5F44454255475D3C
:105E7400202620454C4F475F464D545F4C564C00FE
:105E8400656C6F672E656E61626C65645F666D74C8
:105E94005F7365745B454C4F475F4C564C5F56458A
:105EA40052424F53455D202620454C4F475F464D97
:105EB400545F4C564C0000007461675F6C656E0063
:105EC4006C766C203C20454C4F475F4C564C5F54DD
:105ED4004F54414C5F4E554D00000000656C6F6798
:105EE4002E656E61626C65645F666D745F73657464
:105EF4005B6C766C5D202620454C4F475F464D54C5
:105F04005F54414700000000442F48455820257342
:105F14003A20253034582D253034583A20000000DA
:105F240025303258200000002020200020200000CE
:105F340025630000000000000000000001020304CB
:105F440006070809000000000102030400061016F9
:105F54000006101640500108000000000000000078
:105F640000000000000000000040000018000000D5
:105F740000000000000000004C5001080000000078
:105F840014EA07205C00000014E207200008000067
:105F94000800000000000000000000005450010848
:105FA4000000000000000000000000006050010834
:105FB4000000000000000000000000006C50010818
:105FC400000000000000000000000000656C6F6726
:105FD4005F73747263707900656C6F675F63707967
:105FE4006C6E0000656C6F675F7365745F6F7574CA
:105FF4007075745F656E61626C656400656C6F6773
:106004005F7365745F746578745F636F6C6F725FE0
:10601400656E61626C656400656C6F675F7365745F
:106024005F666D7400000000656C6F675F73657474
:106034005F66696C7465725F6C766C00656C6F6723
:106044005F7365745F66696C7465725F7461675FC2
:106054006C766C00656C6F675F6765745F66696C0E
:106064007465725F7461675F6C766C00656C6F67F2
:106074005F6F7574707574006765745F666D745FC7
:10608400656E61626C656400232D302B2000000076
:10609400686C4C0065666745464700003031323312
:1060A4003435363738394142434445460000000010
:1060B400303132333435363738396162636465667A
:0460C40000000000D8
:0860C800B021FF7F0100000080
:0460D0002982000819
:0460D400018200083D
:1060D8000400002000000000C0000020280100206B
:1060E80090010020000000000000000000000000F7
:1060F8000000000000000000000000000000000098
:106108000000000000000000000000000000000087
:106118000000000000000000000000000000000077
:106128000000000003000000C00000200024F4006C
:106138001000000001000000AAAAAAAAE450010861
:1061480001000000285C01082C5C0108305C010893
:10615800345C0108385C01083C5C0108405C0108BB
:10616800485C0108505C0108585C0108605C010843
:04617800685C010856
:040000050801358930
:00000001FF
